Heureux Cyclage;Atelier;Adresse;Code postal;Ville;Pays;Latitude;Longitude
Oui;uN p'Tit véLo dAnS La Tête;921 rue des résidences;38400; ST MARTIN D’HÈRES;France;45.1891553;5.7689502
Oui;uN p'Tit véLo dAnS La Tête;5 rue de Londres;38000;GRENOBLE;France;45.1841391;5.7152629
Oui;Roulons à Vélo;impasse Marcel Reynier;84000;AVIGNON;France;43.93713878281259;4.804091155529023
Oui;La vélobricolade 58;58, place Fodéré;73000;CHAMBERY;France;45.562805744971385;5.921464562416077
Oui;La Vélobricolade Aixoise;166 Allée Edmond et Jean Rostand;73100;AIX-LES-BAINS;France;45.6912558;5.9026716
Oui;La Vélobricolade Albertvilloise;Box 5 - 21/23 rue des Fleurs;73200;ALBERTVILLE;France;45.6672800635533;6.388673186302186
Oui;Vélobricolade Combe de Savoie;12 rue François Dumas;73800;MONTMÉLIAN;France;45.502079654156965;6.056902706623078
Oui;Dynamo, l'Atelier du Vélo;35 Grande Rue;54000;NANCY;France;48.69588029821691;6.180737614631653
Oui;Récup'R;4, rue des Terres de Borde;33800;BORDEAUX;France;44.8287651;-0.5544139
Oui;Collectif Vélos en Ville;24 rue Moustier;13001;MARSEILLE;France;43.29409;5.38073
Oui;Cyclofficine de Paris-Est;15 rue Pierre Bonnard;75020;PARIS;France;48.8594656;2.4034965
Oui;Atelier de Fougères;3 Rue de Noisy le Sec;75020;PARIS;France;48.87159863178263;2.411048412322998
Oui;CRADE;centre socio-culturel La Balise, 5 rue du Colonel Moll;29900;CONCARNEAU;France;47.873676857518795;-3.9212071895599365
Oui;Le Laboratoire Penn Rustin;24, Route d'Audierne;29100;DOUARNENEZ;France;48.06982347338335;-4.350317716598511
Oui;Atelier Bolière;2 rue Stendhal;45100;ORLÉANS;France;47.83222973397517;1.9279289245605469
Oui;Atelier de l'Argonne;1 - 15 Rue du Grand Villiers;45000;ORLÉANS;France;47.91093800218808;1.9331109523773191
Oui;Maillon solidaire;10 rue de Londres;90000;BELFORT;France;47.63082;6.844171999999958
Oui;atelier de la Bouloie;7 rue Laplace;25000;BESANÇON;France;47.25035371647651;5.98729133605957
Oui;atelier de l'Arène;34 Rue d'Arènes;25000;BESANÇON;France;47.2390053;6.0178887
Oui;SoliCycle Clichy-la-Garenne;132 rue Martre;92110;CLICHY;France;48.9026596;2.3040927
Oui;Bicyclo, la Maison du Vélo;120 Rue Gabriel Péri;93200;SAINT-DENIS;France;48.940937158565106;2.35680341720581
Oui;SoliCycle Les Ulis;3, esplanade de la République;91940;LES ULIS;France;48.68169586252751;2.1702986955642696
Oui;Solicycle Porte de Vanves;1/3 Rue Prévost-Paradol;75014;PARIS;France;48.8260898;2.3085435
Oui;Solicycle Berges de Seine;Voie Georges Pompidou, sous le pont d'Arcole;75004;PARIS;France;48.855961557942265;2.3506128787994385
Oui;Solicycle Campus d'Orsay;Avenue Jean Perrin, en face du BAT 308;91400;ORSAY;France;48.7017558780473;2.174692153930664
Oui;SoliCycle Paris 18e;4 bis rue d'Oran;75018;PARIS;France;48.888978466960076;2.3540478943687053
Oui;SoliCycle Bezons;16 rue de la Berthie;95870;BEZONS;France;48.93652618782729;2.204897402843926
Oui;SoliCycle CROUS Pajol;65 rue Philippe de Girard;75018;PARIS;France;48.88644756863815;2.360885739326477
Oui;SoliCycle Paris 16e;51 boulevard Exelmans;75016;PARIS;France;48.84189506461989;2.2616386413574223
Oui;Atelier Partage d'Asnières;1 avenue du Docteur Flemming;92600;ASNIÈRES-SUR-SEINE;France;48.931645406549414;2.281390428543091
Oui;Atelier vélo;27 Rue Saint-Vincent;92700;COLOMBES;France;48.9214204;2.2593366
Oui;Atelier de Vanves en Roue Libre;Rue Jacques Cabourg;92170;VANVES;France;48.82082358835194;2.287629246711731
Oui;Un vélo qui roule;;78700;CONFLANS-SAINTE-HONORINE;France;48.996366264520056;2.0978844165802
Oui;Le Vieux Biclou - atelier centre beaux arts;5 Rue de la Poésie;34000;MONTPELLIER;France;43.61721;3.88224
Oui;Le Vieux Biclou - atelier campus;Campus de l'université Montpellier II, batiment 21 (siège au bâtiment 1, couloir central);34000;MONTPELLIER;France;43.633139966778884;3.867166042327881
Oui;Prenons le guidon;rue des Bateliers;57950;MONTIGNY-LÈS-METZ;France;49.105826787780174;6.149178743362427
Oui;Prenons le guidon;7b, rue du moulins;57100;THIONVILLE;France;49.35398;6.160574
Oui;Zone d'INitiative Citoyenne, ZINC;143 avenue de Rangueil;31062;TOULOUSE;France;43.56628;1.46781
Oui;La Maison du Vélo;12 Boulevard de Bonrepos;31000;TOULOUSE;France;43.610785183920136;1.4524322748184204
Oui;Garage volant de la place Saint-Aubin;place Saint-Aubin;31400;TOULOUSE;France;43.60355;1.45458
Oui;Vélorution Toulouse;6 rue Joubert;31500;TOULOUSE;France;43.617373126415245;1.4536097645759585
Oui;Atelier de l'ADAV - Dunkerque;106 Avenue du Casino - Maison de l'Environnement;59140;DUNKERQUE;France;51.04216629148577;2.3928844928741455
Oui;Atelier de l'ADAV - Maubeuge;60 rue de la Couturelle;59600;MAUBEUGE;France;50.27619278601804;3.9358574151992802
Oui;Atelier de l'ADAV - Saint Omer;8 place du 11 novembre;62500;SAINT-OMER;France;50.7527853861721;2.2644764184951787
Oui;Atelier de l’ADAV - Arras;Centre social Léon Blum, 39 avenue de l’Hippodrome;62000;ARRAS;France;50.2925172;2.7466142
Oui;Atelier soignons les biclous;rue Marcel Hanard;62223;SAINT-LAURENT-BLANGY;France;50.298924;2.7989923
Oui;ADAVA Pays d’Aix;10, rue Édouard Herriot;13090;AIX-EN-PROVENCE;France;43.5224612201655;5.428833961486816
Oui;Mobil'Idées;10 Rue Roumanille;5000;GAP;France;44.55938287799067;6.076238751411438
Oui;Place au vélo;1 rue d'Auvours;44000;NANTES;France;47.2216436;-1.5639379
Oui;Vélocampus;3 chemin Censive du Tertre;44300;NANTES;France;47.24323076353168;-1.5549302101135252
Oui;Centre Vélo;140 rue Olof Palme ;85000;ROCHE-SUR-YON (LA);France;46.6553488;-1.418873
Oui;Atelier ABC vélo;Impasse Gambetta;60180;NOGENT-SUR-OISE;France;49.26770653897145;2.472717761993408
Oui;Pont-Sainte-Maxence à vélo;8 place des tilleuls;60700;PONT-SAINTE-MAXENCE;France;49.2955914;2.5987181
Oui;atelier vélo de Senlis;gymnase du complexe sportif Yves Carlier;60300;SENLIS;France;49.20929899847933;2.5779247283935547
Oui;atelier vélo de Lamorlaye;anciens locaux de la police municipale, 22 rue du Général Leclerc;60260;LAMORLAYE;France;49.15521794461679;2.439951896667481
Oui;"Roule &amp; co";21 avenue des Harmonies - Cran Gevrier;74960;ANNECY;France;45.90763;6.10496
Oui;Bretz'Selle;10 rue des Bouchers;67000;STRASBOURG;France;48.5786;7.75106
Oui;VéloBouloDodo;30, rue Étienne Dolet;63000;CLERMONT-FERRAND;France;45.76432340535582;3.08616042137146
Oui;L'atelier vélo autogéré du chat perché;29 rue Salomon Reinach;69007;LYON;France;45.75145534269404;4.841489195823669
Oui;Kazacycle;19, avenue Duchesne;26100;ROMANS-SUR-ISÈRE;France;45.04686716930805;5.043765306472778
Oui;Atelier Le Dérailleur;38 rue d'Arcole ;42000;SAINT-ÉTIENNE ;France;45.44007935983789;4.381310641765595
Oui;Maison du Vélo;1 rue Michel Servet;26000;VALENCE;France;44.926447;4.8915797
Oui;La rustine;5 rue du Havre;21000;DIJON;France;47.33057364597985;5.037097334861755
Oui;Maison du Vélo;54 quai Hamelin;14000;CAEN;France;49.17921720409475;-0.3479254245758056
Oui;Maison d'la Bécane;713 boulevard Grande Delle ;14200;HÉROUVILLE-SAINT-CLAIR;France;49.207009823836714;-0.33640265464782715
Oui;Velisol’ délocalisé - centre socio-culturel du Chemin Vert;17 rue Pierre Corneille;1400;CAEN;France;49.193063201511386;-0.3907227516174317
Oui;Velisol’ délocalisé - centre socio-culturel Pierre-Heuzé;49 boulevard du Général Vanier;14000;CAEN;France;49.19736802961755;-0.34936308860778814
Oui;Atelier d'autoréparation La Bricolade;16 Impasse Robert Nadaud;37000;TOURS;France;47.38076056048763;0.7093209028244019
Oui;Atelier Vélo Txirrind’ola;56, Allées Marines;64100;BAYONNE;France;43.499336035795295;-1.489473581314087
Oui;Beauvélo;78 Avenue de la République;60000;BEAUVAIS;France;49.427051868708894;2.088512778282165
Oui;A’Cro du Vélo;7, rue Einstein;67200;STRASBOURG;France;48.60413784276183;7.713609337806701
Oui;Roue pèt';13 rue des Alliés;68500;GUEBWILLER;France;47.91182906610771;7.205078601837159
Oui;Mon Cher Vélo;8, rue Eirick Labonne;18000;BOURGES;France;47.064077;2.402427
Oui;Brest à pied et à vélo;19 rue Bruat;29200;BREST;France;48.397344;-4.481599
Oui;Au Tour du Cycle;Place Jullien;26400;CREST;France;44.72859123865968;5.023426115512848
Oui;L'Atelier du Petit Plateau;33 place Henri Barbusse;86000;POITIERS;France;46.57588;0.33867
Oui;vélOYO;152, rue Anatole France;1116;OYONNAX;France;46.256188061026336;5.6541019678115845
Oui;Opti’vélo;Parc du Souvenir Emilie Fouchard 77500 Chelles;77500;CHELLES;France;48.8777753;2.5900742999999693
Oui;La Grande Pompe;11 rue de Saint-Jean d'Angély;16710;SAINT-YRIEIX-SUR-CHARENTE;France;45.66229227244371;0.13781055808067325
Oui;Vélorisation;6 rue Descartes;41000;BLOIS;France;47.58009831334626;1.3057851791381838
Oui;Osez l'vélo;9, rue de l'Escot;38300;BOURGOIN-JALLIEU;France;45.58702901814435;5.278791189193726
Oui;La roue libre;3 rue Bonnivet;76600;LE HAVRE;France;49.4937307;0.1201775
Oui;CycloCampus Béthune;Dpt QLIO, IUT de Béthune, 1230, rue de l'université;62408;BÉTHUNE;France;50.515404992122846;2.660064697265625
Oui;Change de Chaîne;Parc Relai Gare de Vaise , 2 rue du 24 Mars 1852 ,;69009;LYON;France;45.78147814168152;4.80569601069874
Oui;Atelier Solidaire de Saint-Ouen;;93400;SAINT-OUEN;France;48.91188975478733;2.3337364196777344
Oui;La P’tite Rustine;Avenue Pierre Mendès-France;69500;BRON;France;45.72356508804532;4.91563081741333
Oui;Les Bikers;Rez-de-chaussée bâtiment H, avenue des Arts;69100;VILLEURBANNE;France;45.78401554303203;4.874067306518555
Oui;Good'Huile;1, rue de la Filature;44190;CLISSON;France;47.08625420924502;-1.2860870361328123
Oui;Atelier Cyclonique;place de Suze Central Park;5100;BRIANÇON;France;44.89664;6.63314
Oui;Cycles et Manivelles;28, rue Léon Gambetta;33130;BÈGLES;France;44.807447109591244;-0.5511081218719482
Oui;La Cyclofficine de Pantin;20 Rue Magenta;93500;PANTIN;France;48.90064189421384;2.3923695087432857
Oui;Cyclofficine d'Ivry;6 boulevard de Brandebourg;94200;IVRY-SUR-SEINE;France;48.81467078784573;2.4012637138366695
Oui;Je p'neu le faire;8 rue Etienne Marcel;26200;MONTÉLIMAR;France;44.550031;4.742888
Oui;Action Vélo;Cours Foch;13400;AUBAGNE;France;43.29347753370714;5.5677831172943115
Oui;Étu’Récup;MAC - Domaine Universitaire - Village 3;33608;PESSAC;France;44.80075968062996;-0.6084483861923217
Oui;ConviBicy;Place de la Croisière;13200;ARLES;France;43.67375752795885;4.633647501468659
Oui;Ressourcerie Court-Circuit;3 route de Vallière;23500;FELLETIN;France;45.88774914018641;2.170019745826721
Oui;Cyclamaine;47 rue des Acacias;72100;LE MANS;France;47.997635;0.184694
Oui;Atelier TriCycles;9 place Jean-Jaurès;69310;PIERRE-BÉNITE;France;45.7038495;4.8237562
Oui;L’Engrenage;8 rue des fréres Simon;88100;SAINT-DIÉ-DES-VOSGES;France;48.28733006639019;6.952956318855285
Oui;La Citrouille;;38000;GRENOBLE;France;45.1766;5.7226
Oui;L'Abri Syklett;13 bis rue Beauvais;56100;LORIENT;France;47.755909860170874;-3.3660623431205754
Oui;Véloquirit;300 avenue d'Hoffenbourg;39000;LONS-LE-SAUNIER;France;46.677193437755456;5.570368766784669
Oui;La Pompe à Vélo;3, allée de la Grange;35230;"NOYAL/CHÂTILLON SUR&nbsp;SEICHE";France;48.043452443395;-1.664804220199585
Oui;Un Guidon dans la Tête; 34 rue Albert Thomas;63000;CLERMONT-FERRAND;France;45.76196;3.08379
Oui;La Boîte à Cycler;74, avenue du Général Leclerc;78220;VIROFLAY;France;48.804118243326165;2.1762585639953613
Oui;La Boîte à Cycler;3 Sente de la Gare;78220;VIROFLAY;France;48.79999130120164;2.1835670470863993
Oui;Atelier Vélorution Bastille;6, rue Jacques Cœur;75004;PARIS;France;48.85275733753064;2.367382049560547
Oui;Kernavélo;14C rue de la Tour d'Auvergne;29000;QUIMPER;France;47.992057323259985;-4.085006117875309
Oui;Vél’Oxygène;1 rue du Lieutenant Herduin;51100;REIMS;France;49.2493045;4.0369583
Oui;Vél’Oxygène Recyc'lab;place Paul Claudel;51100;REIMS;France;49.23303956667329;4.033028483390809
Oui;La Casa Bicicleta;13 bis Rue de la Lanterne;66000;PERPIGNAN;France;42.69641519060862;2.892048954963684
Oui;Velociutat Beziers;30 rue du Coq;34500;BÉZIERS;France;43.339849158359094;3.2173901796340942
Oui;La Vie’Cyclette;18 résidence du Bois de l'Etang;78320;LA VERRIÈRE;France;48.76005054980258;1.9665420055389407
Oui;Poto'Cyclettes;11 rue du puits;68200;MULHOUSE;France;47.751104438314066;7.353469133377076
Oui;360 degrés sud;;93390;CLICHY-SOUS-BOIS;France;48.91172052586013;2.5412750244140625
Oui;Régie de quartier de Clos Saint-Lazare/Cité Jardin;16 avenue George Sand;93240;STAINS - PLAINE COMMUNE;France;48.950656;2.375057
Oui;VillOvélO;Au Repair Café, 112 Rue de Souché;79000;NIORT;France;46.32598681447484;-0.4378169775009155
Oui;3S - Recyclerie Sportive;32 Rue Henri Gilbert;91300;MASSY;France;48.72882741285085;2.281562089920044
Oui;3S - Recyclerie Sportive;81 boulevard Bessières;75017;PARIS;France;48.896366256918206;2.3196280002594
Oui;Vélo Sapiens;39 rue Mazagran;13001;MARSEILLE;France;43.29744401446114;5.3834268450737
Oui;Les Jantes du Nord - atelier Eugène Jacquet;41 rue Eugène Jacquet;59000;LILLE;France;50.637506512787795;3.0840039253234863
Oui;Les Jantes du Nord - maison du vélo;station de métro Cité Scientifique, avenue Jean Perrin;59650;VILLENEUVE-D'ASCQ;France;50.61115491824821;3.1419718265533447
Oui;L’Atelier du Vélo Pour Tous;5 place Maurice Barthe (rdc tour E);32000;AUCH;France;43.634944630022986;0.5934190745756496
Oui;La Brico;14 rue du Maréchal Joffre;38600;FONTAINE;France;45.18831319280623;5.696132183074951
Oui;La Brico - atelier mobile;38 bis mail Marcel Cachin;38600;FONTAINE;France;45.194765711952535;5.687087774276734
Oui;L'atelier des petits clous;Square Bobinec;17000;LA ROCHELLE;France;46.15408391793085;-1.1484861382632516
Oui;Le Stick;La Fabrique, 91 Route des Romains;67200;KOENIGSHOFFEN;France;48.580319454474235;7.719515562057495
Oui;Ma Ville à Vélo 08;17 Rue Irénée Carré;8000;CHARLEVILLE-MÉZIÈRES;France;49.77272492909373;4.718933701515198
Oui;Pignon sur roue;9 allée des frênes;38100;GRENOBLE;France;45.16122160759284;5.735871791839599
Oui;ECOLOC - l’atelier vélo;1, montée de barret le haut;5300;BARRET-SUR-MÉOUGE;France;44.262924;5.733266
Oui;STÉ Vélosolidaire;sous le pont de Vence;38120;SAINT-ÉGRÈVE;France;45.22979912345217;5.683024227619172
Oui;Opale Vélo Services;152 Boulevard Gambetta;62100;CALAIS;France;50.946969152597454;1.8464863300323489
Oui;L’atelier vélo de Maxéville;Rue de la République;54320;MAXÉVILLE;France;48.712309061948446;6.1612486839294425
Oui;À bicyclette;78, rue de la Barrière;19000;TULLE;France;45.26591638960789;1.7695927619934082
Oui;Metz à Vélo;10 rue Basse Seille;57000;METZ;France;49.11974655630732;6.182363033294678
Oui;Recycl’Arte;16 rue Leku Eder;64700;HENDAYE;France;43.347003;-1.7731202
Oui;La Cyclette;6 Rue des Goncourt;75011;PARIS;France;48.869315;2.3723751
Oui;Vélorution Périgourdine;48 allée du Port;24000;PÉRIGUEUX;France;45.18452442990104;0.7089346647262573
Oui;La Ferme à Cycles;150 route Royale;26340;SAILLANS;France;44.69586468387707;5.193605693948486
Oui;Les vélos de la Brèche;164 rue Henri Barbusse;93300;AUBERVILLIERS;France;48.913533;2.391865
Oui;Bricovélo;Bicyclem, 46 rue du Lieutenant;53000;LAVAL;France;48.0730510078355;-0.7679137587547302
Oui;Ça Roule;11 Rue Georges Dupré;42000;SAINT-ÉTIENNE;France;45.43642295649317;4.390548169612885
Oui;Château à Vélo et autres roues libres;allées Marcel Jullian;13160;CHÂTEAURENARD;France;43.88382638356551;4.857472479343415
Oui;Kan An Dour;4 allée verte;29870;LANNILIS;France;48.56901904715116;-4.518417119979859
Oui;Mon Vélo En Seine;24 Rue des Quatre Frères Peignot;75015;PARIS;France;48.845711732186516;2.2824961505466494
Oui;Atelier de réparation coopérative de Chantenay;30 boulevard de Chantenay;44100;NANTES;France;47.19621505519704;-1.590802073478699
Oui;Le Tri Sera Top;MIE PAUI UTZJ, 5 allées Antonio Machado;31058;TOULOUSE cedex 9;France;43.576939965218166;1.4070332050323489
Oui;Les Vélos des Étangs;Avenue Radolfzell;13800;ISTRES;France;43.500818;4.993605
Oui;l'ilovélo;passage Gaëte;13500;MARTIGUES;France;43.406612;5.054664
Oui;Atelier vélo participatif et solidaire Pau;1 rue d'Ossau;64320;PAU;France;43.29217576080189;-0.34871292107709456
Oui;Le repaire des heureux cycleurs;ZA des Rochettes;88310;CORNIMONT;France;47.96;6.834
Oui;Maison du vélo de Mérignac;215 Avenue de la Marne;33700;MÉRIGNAC;France;44.83313911055433;-0.640154778957367
Oui;Le Rheu à Vélo;Impasse de Gerhoui – ZA du Chêne Vert;35650;LE RHEU;France;48.093305;-1.787253
Oui;Cycl’Aux - la Recyclette;13 bis rue Jean-Jacques Collenot;21140;SEMUR-EN-AUXOIS;France;47.4902;4.33653
Oui;Clinique du cycle;rue Lucie AUBRAC (prolongement) ;90400 ;DANJOUTIN;France;47.61204003603112;6.862670481204987
Oui;Droit d’Vélo douaisis;174 place de la gare;59500;DOUAI;France;50.37212417499338;3.089644610881806
Oui;Busabiclou;11 rue du stand de tir;59100;ROUBAIX;France;50.684543948960574;3.2113283872604375
Oui;Véli-Vélo Limoges;88 rue des Tuilières ;87000;LIMOGES;France;45.8252;1.28073
Oui;Recyclette;18 A rue de Moscou ;40140;SOUSTONS;France;43.74761461134689;-1.3241207599639895
Oui;le Bocal à Vélo;2 allée de Finlande;35200;RENNES;France;48.09169233020924;-1.6527342796325686
Oui;VELOMOTIV’;3 rue de l'Hospice;66500;PRADES;France;42.61805;2.42451
Oui;Hors la Loire;30 route de la Bridonnière;49270;LA VARENNE;France;47.33150804544337;-1.2925779819488528
Oui;Le Petit Biclou;58 rue Damesme;75013;PARIS;France;48.82161510745615;2.3552423715591435
Oui;Biclou;1 bis rue François Marcea;59260;HELLEMMES;France;50.63514529507524;3.115978538990021
Oui;Mont2Roues;29 rue du Ruisseau;40000;MONT-DE-MARSAN;France;43.89022;-0.49713
Non;Vélostation Neudorf;8 rue Frédéric;67100;STRASBOURG;France;48.56697;7.75912
Non;Vélostation Montagne Verte;7  rue de Flexbourg ;67200;STRASBOURG;France;48.56275949729351;7.70840048789978
Non;La bécane à Jules;17 rue de l’Ile;21000;DIJON;France;47.3140236;5.0299202
Non;La bécane à Jules;29 rue Castelnau;21000;DIJON;France;47.33382034035365;5.069589614868163
Non;Méli-Vélo;88 Rue Saint-Piat;7500;TOURNAI;Belgique;50.60400968333241;3.3942443132400513
Non;Ateliers de la rue Voot; Rue Voot, 91à ;1200;BRUXELLES;Belgique;50.8407646;4.4354816
Non;Roulement à Bill;Impasse Anatole;37100;TOURS;France;47.375001830600105;0.6845788657665254
Non;Velocita;chez Scopa, terre plein de la gare;20090; AJACCIO;France;41.930113;8.739615
Non;Vélocipaide;38 rue des Apennins;75017;PARIS;France;48.8913431;2.3227905
Non;Génération Solidaire Vauréal;Boulevard de l’Oise;95490;VAURÉAL;France;49.0307476;2.0219151
Non;Vélo Solidaire;53, rue Francis Combe;95000;CERGY;France;49.0457664;2.0716163
Non;Malak’ à vélo;21 rue Voltaire;92240;MALAKOFF;France;48.822130006126656;2.310857176780701
Non;Atelier Rustine et Cambouis;Allée de l'Ancienne Poste;33290;BLANQUEFORT;France;44.909159;-0.633766
Non;Association EVE;Rue du Pont Lerouge;12100;MILLAU;France;44.09298302892383;3.075243830680847
Non;Guidoline;36 - 38 rue Molière;76000;ROUEN;France;49.43820351397626;1.0988473892211914
Non;L'outil;78 Rue Saint-Nicolas;5000;NAMUR;Belgique;50.46486276115155;4.873734712600708
Non;ViaVélo;25, rue d'Italie;6000;NICE;France;43.702615;7.263087
Non;Atelier PharmaCycles ;rue Vezzani;83000;TOULON;France;43.123094951744285;5.931388735771178
Non;Ecole Claire Ville;257 Rue du Tilleul (Evere);;BRUXELLES;Belgique;50.8709865;4.3952702
Non;Péclôt 13;Rue de l'Industrie 7-9  ;1201;GENÈVE;Suisse;46.2103051;6.1380569
Non;Péclôt 13;12 Pavillons;1201;GENÈVE;Suisse;46.196307;6.1397001
Non;Péclôt 13;37, Jussy;1201;GENÈVE;Suisse;46.1962198;6.2055679
Non;Péclôt 13;12, Prairie;1201;GENÈVE;Suisse;46.20924;6.13511
Non;Hackney Bikeworkshop;Hackney City Farm, 1a Goldsmiths Row;E2 8NA;LONDON;UK;51.53173895508019;-0.06667435169219971
Non;Hackney Bikeworkshop;Clapton Park URC, Round Chapel Old School Rooms, Powerscroft  Road;E5 0PU;LONDON;UK;51.55228892044916;-0.051991939544677734
Non;BeCyCle;21-22 High Street;AB24 3EB;ABERDEEN;UK;57.16485589731673;-2.102256417274475
Non;Biciosxs;CSA LaRAMPA, Calle Joan Riera 17, Nou Barris;8042;BARCELONA;España;41.44185737694647;2.1741503477096558
Non;Maravillosa Ciclococina;Calle del Pez, 2;;MADRID;España;40.42387777000218;-3.70588481426239
Non;Madrid Taller de Autoreparación de Bicis del Dragón;Avenida Daroca, 90;28017;MADRID;España;40.42601455;-3.6471913
Non;Taller gratuito Getafenbici;Calle Pizarro, 17;28901;GETAFE;España;40.31296099012216;-3.7308883666992188
Non;A Piñón;CSOA los 15 gatxs, Camino de Ronda 190;18012;GRANADA;España;37.18294865;-3.61222105280025
Non;Taller autogestionado;Calle Capitán Balaca, 10;30011;MURCIA;España;37.983151;-1.118951
Non;Ciclofficina Forte Prenestino;via Federico Delpino;171;ROMA;Italia;41.89281853703695;12.569174766540526
Non;Ciclofficina Ex-Lavanderia;Via Sebastiano Vinci;100;ROMA;Italia;41.93849;12.41607
Non;Ciclofficina ampioraggio;via Fioravanti 24;;BOLOGNA;Italia;44.51297184352205;11.341238021850586
Non;Sella del Diavolo;via Principe Amedeo 21;9100;CAGLIARI;Italia;39.215314;9.115082
Non;Brugola rossa;CPA Fi-Sud, Via di Villamagna 27-A;50136;FIRENZE;Italia;43.763584832090096;11.288902759552002
Non;Ciclofficina Ruota Libera;Facoltà di Agraria, via Giovanni Celoria 2;20133;MILANO;Italia;45.476476276267235;9.226841926574707
Non;Passi da Ciclope;Via Giulio Cozzoli, 4;70132;BARI - SAN PAOLO;Italia;41.124997;16.796399
Non;Atelier ouvert Bockstael;160 Boulevard Émile Bockstael;1020;BRUXELLES;Belgique;50.8738454;4.34604743747409
Non;Atelier ouvert rue de Flandre;85 Rue de Flandre;1000;BRUXELLES;Belgique;50.8525107;4.3460313
Non;The Bike Station;244 Causewayside;EH9 1UU;EDINGBURG;UK;55.934707328702636;-3.1798553466796875
Non;The Bike Station;284 High Street;PH1;PERTH;UK;56.39693761320069;-3.4381842613220215
Non;Rothar Phibsboro;167 Phibsborough Road;D07;DUBLIN;Ireland;53.36021996883432;-6.2725067138671875
Non;Cranks DIY Workshop;22 Chapel Street;BN2 0JL;BRIGHTON;UK;50.821952964130475;-0.13129949569702148
Non;The 56a bike space;56a Crampton Street;SE17 3AE;LONDON;UK;51.490658777157606;-0.10044336318969727
Non;"Time’s Up&nbsp;! Manhattan workshop";La Plaza Cultural Community Garden, East 9th Street & Avenue C;10003;NEW YORK CITY;USA;40.72530591135133;-73.97862911224367
Non;"Time’s Up&nbsp;! Brooklyn workshop";99 South 6th Street;11249;BROOKLYN;USA;40.710814319264486;-73.96447509527208
Non;Armory Bike Union;225 N. Jackson St. Jackson;49202;JACKSON;USA;42.257333;-84.405878
Non;"B&nbsp;!KE&nbsp;: The Peterborough Community Bike Shop";293 George Street;K9J 2T8;PETERBOROUGH;Canada;44.30271303904239;-78.32000970840454
Non;BICAS;44 W 6th St;AZ 85705;TUCSON;USA;32.223258;-110.967407
Non;Bici Centro;434 Olive Street;93103;SANTA BARBARA;USA;34.42220781530315;-119.68956470489503
Non;Bici Libre;1205 West 6th Street;90017;LOS ANGELES;USA;34.055120182286785;-118.26385259628294
Non;Biciklopopravljaona;;;ZAGREB;Croatia;45.813034;15.969999
Non;BicyCAL - UC Berkeley Bicycle Cooperative;1 MLK Student Union, Bancroft Way;94704;BERKELEY;USA;37.869721094384055;-122.25972175598143
Non;Bicycle Kitchen;4429 Fountain Avenue;CA - 90029;LOS ANGELES;USA;34.095803;-118.28642
Non;Bicycle Recycle Project;800 Hoover Lane;95959;NEVADA CITY;USA;39.2554762712472;-121.031230088503
Non;Bicycle Revolution;294 Montague Rd West End ;QLD 4101;BRISBANE;Australia;-27.480561;153.005608
Non;Bicycle Revolution trading as Mobility Revolution;;;BRISBANE;Australia;-27.238459;153.082754
Non;Bike Clinic at the 14th and U street farmer's market;;;WASHINGTON;USA;38.917114;-77.032326
Non;Bike Clinic at Bloomingdale Farmer's Market;;;WASHINGTON;USA;38.912754;-77.012428
Non;Bike Clinic at the Glover's Park Farmer's Market;;;WASHINGTON;USA;38.915878;-77.068672
Non;Bike Clinic at Mount Pleasant Farmer's Market;;;WASHINGTON;USA;38.932173;-77.037506
Non;Bike Forth;1221 1/2 4th Street ;95616;DAVIS;USA;38.54742282835898;-121.73449158668518
Non;Bike Oven;3706 North Figueroa Street;90065;LOS ANGELES;USA;34.09010680988744;-118.21207523345947
Non;Bike Pirates;1416 Queen Street West;M6K 1L9;TORONTO;Canada;43.6410596;-79.4348365
Non;Bikekitchen (Linz);;;LINZ;Austria;48.30694;14.28583
Non;Bikepoli;Otaniemi,  Otakaari 20;;HELSINKI;Finlande;60.18682874417763;24.83375024296761
Non;Bikerowave;12255 Venice Boulevard;90066;LOS ANGELES;USA;34.00463955856919;-118.43233823776244
Non;Boise Bicycle Project;1027 South Lusk Street;83706;BOISE;USA;43.60787303637923;-116.21215581893921
Non;Boston Square Community Bikes;1260 Kalamazoo SE;49507;GRAND RAPIDS;USA;42.940049;-85.643231
Non;Bozeman Bike Kitchen;425 East Aspen ;;BOZEMAN;USA;45.687925;-111.03052
Non;Broke Spoke Community Bike Shop;501 West 6th Street;40508;LEXINGTON;USA;38.059790438477;-84.49222326278687
Non;L'atelier mobilité;116 Rue du Tour;7301;PETIT-HORNU;Belgique;50.39697359165893;3.813951015472412
Non;Le Cyclub;Rue de l'Amitié;69100;VILLEURBANNE;France;45.75544;4.89005
Non;Re-Cycle-Art;Rue Louis Rippert;38710;MENS;France;44.81799;5.7539
Non;Ciclofficina Don Chisciotte;Via Prenestina 173;176;ROMA;Italia;41.89315;12.53539
Non;Ciclofficina Stecca;26 via Gaetano de Castillia;20100;MILANO;Italia;45.48521428490989;9.192675948143004
Non;Ciclofficina UnZa;via Bianchi d’Espinosa;20100;MILANO;Italia;45.513725;9.1923
Non;Ciclofficina Ponte Giallo;Parco Martiri Libertà Iracheni 1;20100;MILANO;Italia;45.503212;9.231209
Non;Ciclofficina Suicycle Tendencies;Villa Vegan Squat - Via Litta Modignani, 66;20100;MILANO;Italia;45.522141;9.155191
Non;Ciclofficina Cuccagna;via Cuccagna 2, ang. via Muratori;20100;MILANO;Italia;45.451054;9.211435
Non;Gherociclo - La ciclofficina di GheroArtè;Via Gramsci 4;20100;MILANO;Italia;45.434509;9.105198
Non;Ciclofficina Balenga;;20100;MILANO;Italia;45.437672;9.119993
Non;Coes - Ciclofficina Eco Sociale;;20100;MILANO;Italia;45.46384047085233;9.188196659088137
Non;Ciclofficina Gasolio;via Pablo Neruda, 5;20100;MILANO;Italia;45.529816;9.287009
Non;reCiclos Propolis;115, Barcelona Str;15011;A CORUÑA;España;43.36473;-8.4222
Non;VéloCity Bike Cooperative;2111 Mount Vernon Ave;22301;ALEXANDRIA;USA;38.82531;-77.05842
Non;BikeWorks South;10047 80 Avenue NW;T6E 1T4;EDMONTON;Canada;53.51574;-113.49028
Non;BikeWorks North;9305 111 Avenue NW;;EDMONTON;Canada;53.5601;-113.48446
Non;Bike Library;12th and L St.;95521;ARCATA;USA;40.87254;-124.08989
Non;La petite Rennes;20 rue Chicogne;35000;RENNES;France;48.10706582164043;-1.6841161251068115
Non;Sopo Bicycle Cooperative;222 Flat Shoals Avenue Southeast;30316;ATLANTA;USA;33.7478377;-84.35058195
Non;The Bike Church;703 Pacific Avenue;95060;SANTA CRUZ;USA;36.96855525655525;-122.02486753463744
Non;Bikekitchen Augsburg;Heilig-Kreuz-Str. 30;86152;AUGSBURG;Germany;48.37249;10.89088
Non;Bikekitchen Vienna;Goldschlagstrasse 8;1150;WIEN;Austria;48.199256;16.336277
Non;Ciclo Taller Casa do Vento;15 do Rueiro das Figueiriñas;15703;SANTIAGO DE COMPOSTELA;España;42.88256;-8.55626
Non;La Ciudad de las Bicis;c/ Predicadores 51;50003;ZARAGOZA;España;41.65759;-0.88644
Non;Fietskeuken Gent;Kokerpark;9000;GENT;Belgique;51.0578103869688;3.6990076303482056
Non;Mão na Roda;Rua Medeiros de Albuquerque, 55;05436-060;SAO PAULO;Brasil;-23.557260361178407;-46.68607950210571
Non;Mão na Roda;Rua Vergueiro, 1000 - Paraíso;04104-080;SAO PAULO;Brasil;-23.572705352102687;-46.639569997787476
Non;Fahrradküche Graz;Schießstattgasse 40;8010;GRAZ;Austria;47.06369454282816;15.4422926902771
Non;Recicletos;Calle embajadores, 53;;MADRID;España;40.405980351047646;-3.70267152786255
Non;Cicliátrico;Calle Santa Isabel, 21;;MADRID;España;40.410326487832066;-3.697435855865479
Non;Uppsala Cykelförening;Svartbäcksgatan 32;75232;UPPSALA;Sweden;59.862067771042184;17.632176876068115
Non;Salt Lake Bicycle Collective;2312 South West Temple;84115;South Salt Lake;USA;40.720079087252834;-111.894475221634
Non;Good Life Community Bike Shop;2100 4 St SW #2;T2S 3C3;CALGARY;Canada;51.0339945;-114.0708296
Non;Cicloficina dos Anjos;Regueirão dos Anjos 69;1150-028;LISBOA;Portugal;38.72667683134687;-9.135990142822266
Non;OHCYCLO;4 rue Garibaldi;93100;MONTREUIL;France;48.85551048052972;2.4282681941986084
Non;GDL en bici;Manuel Acuña, Colonia Santa Teresita;;GUADALAJARA;Mexico;20.68483248353;-103.364838659763
Non;PopUp15Lot;El Cajon Boulevard & Central Avenue;92105;SAN DIEGO;USA;32.75532515579712;-117.10823893547057
Non;bikes del pueblo;Fairmount Avenue & Wightman Street;92105;SAN DIEGO;USA;32.747646697000164;-117.10075020790102
Non;SLO Bike Kitchen;860 Pacific Street, Suite 105;93401;SAN LUIS OBISPO;USA;35.278915;-120.660384
Non;Ciclofficina Centrale Ciclonauti;36/37, via Baccina;;ROMA;Italia;41.89466259220665;12.489266395568848
Non;Taller de Bicicletas en La Gomera;Quinquela Martin 1799;;BUENOS AIRES;Argentina;-34.64396825602052;-58.37515711784362
Non;SMERIG;Van Ostadestraat 233-E;1073 TN;AMSTERDAM;Netherlands;52.353278;4.898838
Non;La Fabricicleta;En la Asamblea de Villa Urquiza, Triunvirato 4778 (y Monroe);C1099;BUENOS AIRES;Argentina;-34.57416891485484;-58.48671555519104
Non;Association Colmar à vélo Vélodocteurs;Place de la Gare;68000;COLMAR;France;48.0730783390959;7.3473429679870605
Non;The Bike Shed;Corner of Stewart St & Roberts St ;VIC 3057 ;BRUNSWICK EAST;Australia;-37.76646149321422;144.98463034629822
Non;PaPa doualA;Avenue Adolphe Demeur;;BRUXELLES;Belgique;50.82544371516425;4.346745014190674
Non;The Bike Kitchen;Hamilton House, 80 Stokes Croft;BS1 3QY;BRISTOL;UK;51.46280569840747;-2.5889647006988525
Non;Bike Kitchen;650H Florida Street;CA 94110;SAN FRANCISCO;USA;37.760961;-122.411075
Non;Bike Pedallers Arms co-op;37 Mabgate Green;LS9 7DS;LEEDS;UK;53.80072369501687;-1.532716155052185
Non;Atelier Répare Ton Vélo;la Grée;44130;NOTRE-DAME DES LANDES;France;47.34334476437993;-1.7174720764160156
Non;1. Choisir Le Vélo;111 allée des Écoles;6370;MOUANS-SARTOUX;France;43.6196;6.97311
Non;La Casa du Vélo;4 bis traverse du Barri;6560;VALBONNE;France;43.62228;7.04817
Non;Atelier vélo d’Aussillon;13 rue Blériot;81200;AUSSILLON;France;43.49828149671306;2.3631227016448975
Non;Cycloperativa; Rue Van Artevelde 124;1000;BRUXELLES;Belgique;50.846525;4.343471
Non;Cyclonomia;Katona Jozsest utca 39;1132;BUDAPEST;Hungary;47.514936;19.048474
Non;Cykelköket Göteborg;Omställningsverkstad, Vegagatan 1;41311;GÖTEBORG;Sweden;57.696224;11.947843
Non;Eco Mobil - Repair Caffe;22 B rue Sybosys;97233 ;SCHOELCHER;France;14.61515;-61.089504
Non;RepEyre;3 rue Théophile Gautier ZA Sylva 21;33830;BELIN-BELIET;France;44.52683615019252;-0.8176177740097047
Non; Cycle Re-cycle Club [ a.k.a. The Nunnery Bike Workshop ];Cnr of Philip and Cope street in car park;2017;SYDNEY;Australia;-33.895853447818865;151.20045661926267
Non;Les Déraillées;;38600;FONTAINE;France;45.18857028178351;5.692634582519531
Non;Vélo utile;29, rue du Légué (ancienne station Vaste Monde);22000;SAINT BRIEUC;France;48.519859164613614;-2.76381254196167
Non;Saint Louis Bike Works;2414 Menard Street;MO 63104;SAINT LOUIS;USA;38.602712;-90.209209
Non;Working Bikes;2434 S. Western Ave.;IL 60608;CHICAGO;USA;41.847305;-87.685676
Non;Phoenix Bikes;4200 S. Four Mile Run Drive;VA 22206;ARLINGTON;USA;38.850563;-77.10176
Non;Fort Collins Bike Co-op;1501 North College Avenue;80524;FORT COLLINS;USA;40.6076212;-105.077006672332
Non;Community Cycles;2805 Wilderness Place #1000;80309;BOULDER;USA;40.02632802434088;-105.24824023246765
Non;Ohio City Bicycle Co-op;1840 Columbus Road;44113;CLEVELAND;USA;41.489894;-81.701149
Non;Pedals2People;;;SPOKANE;USA;47.640965;-117.387285
Non;Bikes Not Bombs;18 Amory Street;2130;BOSTON;USA;42.30979326621852;-71.10711514949799
Non;Pedal-Power;1285 N. Main Street Suite 309;76063;MANSFIELD;USA;32.556162;-97.139878
Non;L’étincelle;87 quai des Queyries;33000;BORDEAUX;France;44.848696380964135;-0.5600130558013916
Non;Cycle et Recycle;3 rue Claude Bernard;24100;BERGERAC;France;44.8613167;0.4637573
Non;123Vélo;123, rue Royale;1000;BRUXELLES;Belgique;50.851762504967645;4.36556339263916
Non;La Rustine;Cour Royaume;1201;GENÈVE;Suisse;46.212859251789865;6.146174669265747
Non;BQAM;Pavillon Sherbrooke (SH) 200, rue Sherbrooke Ouest, Campus des Sciences de l’UQAM, Local SH-R315;H3C 3P8;MONTRÉAL;Canada;45.509828133426815;-73.56965661048889
Non;Vélo-Cité 15;16, rue Arsène Vermenouze;15000;AURILLAC;France;44.93016450993611;2.4440234899520874
Non;Le Black Office;Rue de l'Église;2000;NEUCHÂTEL;Suisse;47.03811293775636;6.921354532241821
Non;SantroVélo;111 rue Roy Est;H2W 1M1;MONTRÉAL;Canada;45.516522;-73.575163
Non;La Cave;Solin residence, 3510 Lionel-Groulx;H4C 1M7;MONTRÉAL;Canada;45.481026;-73.581921
Non;The Flat Bike Collective;3480 McTavish Édifice AEUM B-02;H3A 1X9;MONTRÉAL;Canada;45.503553;-73.578174
Non;La Voie Libre;2153 Rue Mackay;QC H3G;MONTRÉAL;Canada;45.49763;-73.57936
Non;CRABE (Centre de Réparation et Ajustement de Bicyclettes de l’ÉTS);1100, rue Notre-Dame ouest A-S110 Pavillon A;H3C 1K3;MONTRÉAL;Canada;45.494123;-73.561844
Non;Les vélos sauvages;;95100;ARGENTEUIL;France;48.94703322635082;2.256596088409424
Non;Labecane56;12, Impasse Lann Roz;56400;AURAY;France;47.65940435461709;-2.989107370376587
Non;Rayon vert;28, rue Gabriel Péri;92140;CLAMART;France;48.8033;2.2671
Non;Santacleta;24, Calle Fray Diego de Cadiz;41003;SEVILLA;España;37.4006661;-5.9869621
Non;PYÖRÄPAJA;Pasilan Puistotie 12;240;HELSINKI;Finlande;60.20089826158768;24.922120571136475
Non;Cycles et recycle;33 rue de Chartres;78610;LE PERRAY-EN-YVELINES;France;48.68744324636713;1.8501394987106325
Non;Atelier Recyclette;Rue Sainte-Léonie;75014;PARIS;France;48.83345637917427;2.3196762800216675
Non;Répar'Vélos;Garage 803, résidences Jean Moulin, rue Jean Moulin;34800;CLERMONT-L'HÉRAULT;France;43.63220036534597;3.436295986175537
Non;La maison non marchande de Puivert ;31 rue du barry du lion;11230;PUIVERT;France;42.91965568165484;2.0477378368377686
Non;A Prends ton vélo;11 rue Jean Perrin;92230;GENNEVILLIERS;France;48.9347699;2.2907388
Non;Collectif Vélo Diois;2, rue des quatre cantons;26150;DIE;France;44.7543423;5.3687544
Non;Trégor Bicyclette;60, route de Pors An Nay;22300;LANNION;France;48.767136793162116;-3.4737396240234375
Non;l’asso du vélo;place Notre Dame;12200;VILLEFRANCHE-DE-ROUERGUE;France;44.35225947056904;2.037411332130432
Non;La Mente Comune;1 Via Alvise Cornaro;35100;PADOUE;Italia;45.40425046712187;11.893515586853027
Non;Cyklodílna na Dráze;Nadrani 9;60200;BRNO;Czech Republic;49.18921377899737;16.60853862762451
Non;Niemandsland;Heerstrasse 19;40227;DÜSSELDORF;Germany;51.21174966665351;6.80854082107544
Non;Atelier  à vélo;41 grande rue;25550;BAVANS;France;47.4804811;6.7366213
Non;Le Guidon Solidaire;rue des Forges;57480;APACH;France;49.458778;6.37359
Non;Marne et Gondoire à Vélo;Parking Macheret;77400;LAGNY;France;48.87705741714616;2.701842784881592
Non;Bike KItchen Timisoara;Strada Ștefan cel Mare 1;300xxx;TIMIŞOARA;Roumanie;45.757412;21.2470793
Non;reCYCLO;96 Avenue d'Echallens;;LAUSANNE;Suisse;46.529963322571234;6.613721251487732
Non;La rustine de Beaulieu;bâtiment 10A, allée Henri Poincaré;35700;RENNES;France;48.11494570675594;-1.6392266750335693
Non;Doe-het-zelf Werkplaats Rotterdam;Burgemeester Roosstraat 45;3035 AC;ROTTERDAM;Netherlands;51.93149;4.47851
Non;Bike Kitchen Belgrade;Kraljevića Marka 8;;BELGRADE;Serbia;44.8135563;20.4537823
Non;Bike Station;11 Joaquin Jose Landazuri kalea;1012;VITORIA-GASTEIZ;España;42.847676584458576;-2.6776492595672607
Non;Free Cycles;732 South 1st Street West;59801;MISSOULA;USA;46.86903037691496;-114.00772869586945
Non;PROVELO LAUSANNE;Place de l'Europe;1003;LAUSANNE;Suisse;46.52034809079675;6.631211936473846
Non;Broken Spoke Bike Co-op;42 Pembroke Street;OX1 1BP;OXFORD;UK;51.7508394806285;-1.2578487396240234
Non;Espace Créateur de Solidarités;Immeuble Ecran, 5 allée du Merle Rouge ;69190;SAINT-FONS;France;45.7112287;4.862717999999973
Non;L’Atelier solidaire;45 Rue Albert Thomas;38100;GRENOBLE;France;45.1690402;5.7027683
Non;L'atelier-vélo du 38;38 Rue d'Alembert;38100;GRENOBLE;France;45.1879628;5.710985
Non;Bourg Nature Environnement;17 Rue André Boulle;1440;VIRIAT;France;46.21552816976048;5.217078924179077
Non;Vélocité Pays de Montbéliard;49 Rue de Belfort;25200;MONTBÉLIARD;France;47.5081881;6.7986236
Non;Place au vélo Angers;6 Boulevard Olivier Couffon;49000;ANGERS;France;47.4662538;-0.5655502
Non;Bike Kitchen Patras;Pantocratoros;26221;PATRAS;Greece;38.24270944105453;21.740741729736328
Non;CycleJam;33 Lawson Crescent;2601;Canberra;Australia;-35.28908972712604;149.11807537078857
Non;Darwin Community Arts;Malak Crescent;812;DARWIN;Australia;-12.394874401697699;130.90385913848877
Non;Turnstyle;10 Laura Street;4102;BRISBANE;Australia;-27.48741586599689;153.02219688892365
Non;Adelaide Community Bike Workshop;The Joinery, 111 Franklin Street;5000;ADELAIDE;Australia;-34.92770730756032;138.59484672546387
Non;Hobart Bike Kitchen;Kingborough Dallas Avenue;7007;HOBART;Australia;-42.93228423620735;147.35435664653778
Non;Saintes à Vélo;8 Rue Port Larousselle;17100;SAINTES;France;45.751541684377905;-0.6336343288421631
Non;La Roue Fédère;1 ter avenue Philibert Delpra;46100;FIGEAC;France;44.6104660920631;2.027106285095215
Non;Wivenhoe Bike Kitchen;St John's Road;CO7 9DR;WIVENHOE;UK;51.854263500954374;0.9610676765441893
Non;BACK2Bikes;525 Williamstown Road;VIC 3207;PORT MELBOURNE;Australia;-37.831938577829035;144.94056701660156
Non;Cycle Saloon;Van Ness Ave ;VIC 3032;MARIBYRNONG;Australia;-37.7755978;144.8959864
Non;Wrenchworthy Bicycle Shed;659 Plenty Road;VIC 3073;RESERVOIR;Australia;-37.7310139271401;145.01431703567505
Non;Second Chance Cycles;Harmsworth Street;VIC 3066;COLLINGWOOD;Australia;-37.8005248;144.9908738
Non;Adelaide Bike Kitchen;22 Gibson Street;SA 5007;BOWDEN;Australia;-34.905651126369456;138.57717096805573
Non;Das Radamt;9 Marktplatz;4100;OTTENSHEIM;Austria;48.33128687333703;14.176788926124573
Non;RadlSelbsthilfeWerkstatt;Spratzerner Kirchenweg 81-83;3100;SANKT PÖLTEN;Austria;48.1842953;15.6239725485528
Non;Bikekitchen Wels;Verein Kirchliches Jugendzentrum Wels, Dragonerstraße 22;4600;WELS;Austria;48.1584353;14.0153332
Non;Velolun;7 rue du chinois;54300;LUNEVILLE;France;48.58642680305914;6.488842964172363
Non;Fahrrad.Selbsthilfe.Werkstatt im WUK;Währinger Straße 59;1090;WIEN;Austria;48.22276775931596;16.350735425949097
Non;Flickerei;Marxergasse 24;1030;WIEN;Austria;48.2065819101236;16.390807628631592
Non;BikeKitchen Garage 38;44Б проспект Независимости;220000;MINSK;Belarus;53.91123034887752;27.580264806747437
Non;La Ruche;45 Rue Van Hoorde;1030;SCHAERBEEK;Belgique;50.86045365;4.37769001551361
Non;Allée du Kaai;53 Avenue du Port;1000;BRUXELLES;Belgique;50.86429435;4.35043827243648
Non;Broebel’Air;105 Rue de la Grande Haie;1040;ETTERBEEK;Belgique;50.8345817;4.399014
Non;Le Racagnac;71 Rue de Liedekerke;1210;SAINT-JOSSE-TEN-NOODE;Belgique;50.8513819;4.3751709
Non;Question d’équilibre;rue Nicolas Berger;6700;ARLON;Belgique;49.6876718;5.8133088
Non;Atelier Biciklo;7 Rue As Pois;7500;TOURNAI;Belgique;50.60613346832554;3.381053209304809
Non;Roulez jeunesse;38 Rue des Bosquets;5000;NAMUR;Belgique;50.46090412963496;4.835078716278076
Non;Oficina Comunitária;Rua Marcílio Dias, 1091;90130-001;PORTO ALEGRE;Brasil;-30.05017914028935;-51.2187659740448
Non;Taller Social Club Continental;Calle del Empecinado, 23;28801;ALCALA DE HENARES;España;40.47910753855804;-3.367411494255066
Non;Quirófano 2;Calle Cuartel de Artillería, 1;30002;MURCIA;España;37.977779466328066;-1.1338019371032715
Non;Bike Library and Workshop;1-13 South Academic Building, 89 Avenue NW;T6G1K8;EDMONTON;Canada;53.52544815784329;-113.52471113204956
Non;Hub City Cycles Community Co-op;12 Lois Lane;V9R 5B8;NANAIMO;Canada;49.163872338269485;-123.93592000007628
Non;The Bike Kitchen;1896 E Mall;V6T;VANCOUVER;Canada;49.26777514707268;-123.25033664703369
Non;Kickstand;1739 Venables St;V5L;VANCOUVER;Canada;49.27685508871737;-123.0698776245117
Non;Our Community Bikes;2429 Main Street;V5T;VANCOUVER;Canada;49.26313792914526;-123.10120582580566
Non;Recyclistas;25 Crease Avenue;V8Z 1S4;VICTORIA;Canada;48.4559421;-123.3782115
Non;UWSA Bike Lab;Bulman Student Centre, 515 Portage Avenue;R3B 2E9;WINNIPEG;Canada;49.89080149040437;-97.15390741825104
Non;The Bike Dump;631 Main street;R3A 0L4;WINNIPEG;Canada;49.902139317824314;-97.13528215885162
Non;Orioles Bike Cage;448 Burnell Street;B2Y3R8;WINNIPEG;Canada;49.89112980996585;-97.17123448848724
Non;South Osborne Bike Hub;725 Kylemore Avenue;R3L 1B8;WINNIPEG;Canada;49.85945466294498;-97.14435338973999
Non;The W.R.E.N.C.H.;1057 Logan Avenue;B2Y3R8;WINNIPEG;Canada;49.91349866203631;-97.1687239408493
Non;Sanctoral Cycle Bike Co-op;500 Shaftesbury Boulevard;R3P 2N2;WINNIPEG;Canada;49.860173973858366;-97.23074197769165
Non;Coop Vélo-Cité;190 Avenue de la Cathedrale;R2H 0J1;WINNIPEG;Canada;49.889671017208784;-97.1207821369171
Non;La Bikery;120 Assomption Boulevard;E1C 1E2;MONCTON;Canada;46.08671495949632;-64.77462887763977
Non;Ordinary Spokes;59 Harvey Road;A1C2E9;ST. JOHN'S;Canada;47.564819;-52.7125469
Non;"Bike Again&nbsp;!";6070 Almon Street;B3K 1R7;HALIFAX;Canada;44.65630592834513;-63.59961748123169
Non;Recycle Cycles;37 Market Lane;N2H6R2;KITCHENER;Canada;43.448470724046;-80.48465967178345
Non;The Bike Center;620 Gordon Street;N1G0A9;GUELPH;Canada;43.52764216261958;-80.22584795951843
Non;MACycle;1280 Main Street West;L8S 1C6;HAMILTON;Canada;43.25822846626908;-79.91957187652586
Non;New Hope Community Bikes;1422 Main Street East;L8T1J4;HAMILTON;Canada;43.240266839949676;-79.80974078178406
Non;Recycle Cycles;19 Pearl Street North;L8R 1P1;HAMILTON;Canada;43.26113150929288;-79.8817205429077
Non;Bikechain;563 Spadina Avenue;M5S 3J6;TORONTO;Canada;43.66052871425913;-79.39996361732483
Non;BikeSauce;341 Broadview Avenue;M4M 1Y2;TORONTO;Canada;43.664843288508365;-79.35218811035156
Non;Bike Works;550 Bayview Ave #300;M4K2R6;TORONTO;Canada;43.68472404307719;-79.3656849861145
Non;Community Bicycle Network;761 Queen Street West;M6J 2K6;TORONTO;Canada;43.64630759503225;-79.40760254859924
Non;Yellow Bike Action;303 York Street;K7L 1C9;KINGSTON;Canada;44.23918002510779;-76.49975538253784
Non;re-Cycles;473 Bronson Avenue;K1R 6J7;OTTAWA;Canada;45.4075466882805;-75.70335388183594
Non;Recyclore;275 Britannia Road;K2B 8G5;OTTAWA;Canada;45.3655596;-75.7960299182112
Non;Cycle Transitions;739 D’Arcy Street;;COBOURG;Canada;43.974664493929104;-78.16120147705078
Non;Biciklo;5155 Chemin de la Rampe;H3T 1J4;MONTRÉAL;Canada;45.50325571709375;-73.61325860023499
Non;Coop Roue-Libre;2320 Rue de l'Université;G1V1T1;QUÉBEC;Canada;46.779663528637506;-71.27072989940643
Non;VéloCentrix;507 Rue des Sables;G1K6L5;QUÉBEC;Canada;46.82137523960246;-71.22147917747498
Non;Bridge City Bicycle Co-op;905 20th Street West;S7L 2K2;SASKATOON;Canada;52.12603184106534;-106.68332934379578
Non;Kotkan Pyöräpaja;Satamakatu 1;48100;KOTKA;Finlande;60.469945449915784;26.944629549980167
Non;VeloKitchen Dortmund;Bornstraße 138;44145;DORTMUND;Germany;51.527379767148055;7.471432685852052
Non;ADFC Stuttgart;86 Rotebühlstraße;70178;STUTTGART;Germany;48.77135165;9.16029707347682
Non;Bike Kitchen North East;78 Bernkasteler Straße;13088;BERLIN;Germany;52.5572291;13.4699788254102
Non;Unirad;Einsteinufer 25;10587;BERLIN;Germany;52.51570475200129;13.326292634010313
Non;Radcontainer;35-38 Prinzenstraße;10969;BERLIN;Germany;52.50309452583913;13.411023616790771
Non;HubSchrauber;Geschwister-Scholl-Straße 7;10117;BERLIN;Germany;52.521962322440935;13.391196727752684
Non;Regenbogenfrabrik;22 Lausitzer Straße;10999;BERLIN;Germany;52.49558406936053;13.426827192306519
Non;ADFC Berlin;28 Brunnenstraße;10119;BERLIN;Germany;52.53430510869496;13.39858889579773
Non;FAHRbar;98-100 Kaiserin-Augusta-Allee;10553;BERLIN;Germany;52.525435101597886;13.319109678268433
Non;Nachbarschaftszentrum AMTSHAUS BUCHHOLZ;Berliner Straße 24;10715;BERLIN;Germany;52.48668010984765;13.326072692871094
Non;Ciclofficina Contromano;27 Via Monte Grappa;20095;CUSANO MILANINO;Italia;45.55731002776501;9.178980588912962
Non;Ciclofficine Macchia Rossa;82 Via Pieve Fosciana;146;ROMA;Italia;41.84646288979422;12.461779117584229
Non;Ciclofficina Luigi Masetti;5 Via delle Resede;171;ROMA;Italia;41.88671896007482;12.563177347183228
Non;Ciclofisica - Ciclofficina Roberto Perciballi;Piazzale Aldo Moro;185;ROMA;Italia;41.90313066504007;12.513084411621094
Non;Ciclofficina Cecchi Point;17-20 Via Cecchi;10152;TORINO;Italia;45.085686720690624;7.682125568389892
Non;Die Radgeber;5 Schnewlinstraße;79098;FREIBURG;Germany;47.99455209631493;7.840225696563722
Non;CicloTaller BiziGura;Ribera de Deustu 70;48001;BILBAO;España;43.268642993503995;-2.962038516998291
Non;Tumeke Cycle Space;27 Edingburg Street;1021;AUCKLAND;Nouvelle-Zélande;-36.8601098;174.7551183
Non;RAD Bikes;70 Kilmore Street;8013;CHRISTCHURCH;Nouvelle-Zélande;-43.5270155;172.634164190362
Non;The Crooked Spoke;111 Moray Place;9016;DUNEDIN;Nouvelle-Zélande;-45.87393688519101;170.50169706344604
Non;The Mechanical Tempest;128 Abel Smith Street;6012;WELLINGTON;Nouvelle-Zélande;-41.294914169498874;174.77055072784424
Non;Cicloficina de Almada;Mercado Municipal de Almada;2805-338;ALMADA;Portugal;38.672174988864;-9.15712594985962
Non;Cicloficina no Mercado;Praça do Mercado;3800-223;AVEIRO;Portugal;40.64182041785849;-8.649126291275024
Non;Cicloficina na UA;;3810-187;AVEIRO;Portugal;40.63070255093919;-8.65895390510559
Non;Cicloficina do primeiro Domingo do mês;Avenida Bento Gonçalves 1;2830;BARREIRO;Portugal;38.663093593819866;-9.0836763381958
Non;Coimbr’a’Pedal;;3030-476;COIMBRA;Portugal;40.20204774438762;-8.425698280334473
Non;Oficina Comunitária;Rua João Chagas;2795;LINDA-A-VELHA;Portugal;38.707589878252435;-9.240628480911255
Non;Fontenay vélo;9 /11 rue pierre Dulac (sous le gymnase ) ;94120;FONTENAY-SOUS-BOIS;France;48.8492803958;2.4713820219
Non;Brico 2 roues;3 Rue du Docteur Albert Calmette;44600;SAINT-NAZAIRE;France;47.2756294;-2.2386229
Non;60B;60 Rue de la Bottière;44000;NANTES;France;47.23919141472725;-1.5200480818748474
Non;Atelier Vélo Solidaire des Viennes;52 Rue Paul Doumer;10300;SAINTE-SAVINE;France;48.29003850025547;4.052903652191162
Non;Recicleta Gaia;Rua da Regueira 40;1100-274;LISBOA;Portugal;38.71192;-9.1284226
Non;Cicloficina do Oriente;;1990-134;LISBOA;Portugal;38.78167909013346;-9.092012643814087
Non;Cicloficina do Rés;Rua Álvares Cabral 263;4050-102;PORTO;Portugal;41.15480365905029;-8.616344332695007
Non;Cicloficina do Seixal;Mercado Municipal;2830;SEIXAL;Portugal;38.63331486000717;-9.099833965301514
Non;Cicloficina do FCUL;rés-do-chão do C3 voltado para o C7, FCUL;1700-097;LISBOA;Portugal;38.75635900208297;-9.155430793762207
Non;Bicilab;Calle de Anastasio Herrero 10;28020;MADRID;España;40.456710946279564;-3.7005579471588135
Non;Taller Seco;Calle Luis Peidró, 1;28007;MADRID;España;40.39714065;-3.67395842215466
Non;Esta es una plaza;Calle del Doctor Fourquet, 24;28012;MADRID;España;40.40814079187906;-3.696325421333313
Non;La CABA;Calle de Tembleque, 136;28024;MADRID;España;40.392432001403165;-3.766636848449707
Non;ESOA La Dragona;Avenida de Daroca, 90;28017;MADRID;España;40.425967806123786;-3.6450040340423584
Non;CoLaboratorio Bikenstein;Calle de Luis Cabrera, 19;28002;MADRID;España;40.44174511559999;-3.675602674484253
Non;Bicis Rotas;Centro Municipal La Pollina, Camino Viejo de Getafe;2945;FUENLABRADA;España;40.28217674562913;-3.777279853820801
Non;Taller Sense Frens;CSO L'Astilla, Avinguda de Vilafranca, 22;8905;L'HOSPITALET DE LLOBREGAT;España;41.3660181361083;2.1115636825561523
Non;Freno-Pático;carrer Robí 5;8012;BARCELONA;España;41.40463995;2.15513165449575
Non;Cykelköket;Stapelbäddsgatan 3;211 19;MALMÖ;Sweden;55.61178982969039;12.98559308052063
Non;Colchester Bike Kitchen;15 Queen Street;CO1 1UG;COLCHESTER;UK;51.889245437593864;0.9044408798217775
Non;Ride On - Cycling for All;61 Haven Road;EX2 8DP;EXETER;UK;50.716528;-3.5306909
Non;Tower Hamlets Wheelers;Limehouse Town Hall, 646 Commercial Road;E14 7HA;LONDON;UK;51.51214756152868;-0.0314408540725708
Non;PlattFields Bike Hub;The Boathouse, Platt Fields Park;M14;MANCHESTER;UK;53.446836280264364;-2.2237873077392574
Non;London Bike Kitchen;28 Whitmore Road;N1 5QA;LONDON;UK;51.5361592;-0.0817518
Non;Reading Bicycle Kitchen;1-9 Kings Road;RG1 4RY;READING;UK;51.4550896293805;-0.9689801931381224
Non;ReCycle Bikes;62-68 Thirlwell Road;S8 9TF;SHEFFIELD;UK;53.3582587;-1.4716487
Non;Southampton Bike Kitchen;So Make It, Unit F, Liners Industrial Estate;SO15 3FQ;SOUTHAMPTON;UK;50.91295678430542;-1.426924467086792
Non;Den Røde Hammer;Bolsjefabrikken, Ragnhildgade 1 bygning 3;2100;COPENHAGEN;Danemark;55.70816389224913;12.552974224090574
Non;Bike Kitchen Lund;Stenkrossen, Kastanjegatan 13;224 56;LUND;Sweden;55.69692454519017;13.199043273925781
Non;Bike Kitchen Nürnberg;14 Dagmarstraße;90482;NÜRNBERG;Germany;49.4511372;11.1115631
Non;Bike Kitchen München;Grafinger Straße 6, Kultfrabrik;81671;MÜNCHEN;Germany;48.122781054156796;11.609501838684082
Non;FahrradSelbsthilfeWerkstatt – Rad i.O.;9 Wundtstraße;1217;DRESDEN;Germany;51.02864385;13.7475171
Non;Radskeller Dresden;89 Dürerstraße;1307;DRESDEN;Germany;51.05131530595742;13.771072626113892
Non;Radschlag Dresden;11 Katharinenstraße;1099;DRESDEN;Germany;51.06657571679901;13.749507665634153
Non;Dr. Radinger;41 Bernsdorfer Straße;9126;CHEMNITZ;Germany;50.820820726801074;12.933987379074097
Non;Lasten Velo Freiburg;7 Runzmattenweg;79110;FREIBURG;Germany;48.00376325312148;7.828413248062134
Non;m18 – Haus der Studierenden Weimar;18 Marienstraße;99423;WEIMAR;Germany;50.97497359271543;11.329495310783386
Non;The Church of Bikes;Florianigasse 68;1080;WIEN;Austria;48.2121927;16.3414023
Non;FBB Klub Na Dráze;9 Nádražní;60200;BRNO;Czech Republic;49.189301077942396;16.60856544971466
Non;DIY Praha;Kolbenova 38;19000;PRAGUE;Czech Republic;50.11030588445075;14.514538049697874
Non;Meetfactory;Ke Sklárně 15;15000;PRAGUE;Czech Republic;50.053403868449145;14.408140182495115
Non;Náplavka;Rašínovo nábřeží;12800;PRAGUE;Czech Republic;50.064163499291276;14.415993690490723
Non;Žižkov;Chlumova 3;13000;PRAGUE;Czech Republic;50.0843871520393;14.45256292819977
Non;Cyklokuchyňa - Bike Kitchen Bratislava;Shipping container, Pri Starom moste / Petržalská strana;851 01;BRATISLAVA;Slovakia;48.13576356223146;17.11591601371765
Non;Ciclofficina Popolare La Gabbia;Largo Ferruccio Mengaroni 11;133;ROMA;Italia;41.86936;12.639897
Non;Ciclofficina Pirata del Quadraro;Via Selinunte 57;174;ROMA;Italia;41.856964;12.5497889
Non;Ricicloofficina Villaggio Olimpico;Via Norvegia 2;196;ROMA;Italia;41.93086425;12.47255585
Non;Bici Coop;4000 3rd Avenue South Suite 103;35222;BIRMINGHAM;USA;33.523099969697;-86.7752782626263
Non;Delta Bike Project;North Warren Street;36603;MOBILE;USA;30.69008068464779;-88.04979801177979
Non;Off the Chain;1406 West 33rd Avenue, Unit D;99503;ANCHORAGE;USA;61.1900592;-149.91028990534
Non;Helping Understand Bicycles;234 West Sheldon Street;86305;PRESCOTT;USA;34.545492208126134;-112.47780203819275
Non;Bike Saviours;1930 South Roosevelt Street;85281;TEMPE;USA;33.407867062822646;-111.94817841053009
Non;Rusty Spoke;740 West Grant Street;85007;PHOENIX;USA;33.44116361757515;-112.08445072174072
Non;Changing Gears Bike Shop;650 West Ranger Avenue, Unit C-2;94501;ALAMEDA;USA;37.78430355316188;-122.29923069477081
Non;Changing Gears at the Market;Haighet Avenue & Webster Street;94501;ALAMEDA;USA;37.77432747253545;-122.27688789367677
Non;Changing Gears at the Market;Lake Park Avenue;94610;OAKLAND;USA;37.81046586982623;-122.24762499332427
Non;Changing Gears at the Market;5300 Claremont Avenue;94618;OAKLAND;USA;37.83959325;-122.259804246494
Non;The Green Bike Program;1050 North Mills Avenue;91711;CLAREMONT;USA;34.10412450946388;-117.7046924829483
Non;Todos Santos Community Bike Tent;Concord Farmers's Market, 2175 Willow Pass Road;94520;CONCORD;USA;37.97718578247692;-122.03383684158324
Non;The Bike Garage;1st Street & Hays Street;95695;WOODLAND;USA;38.6667468975165;-121.7733085155487
Non;The Bikery;1246 23rd Avenue;94602;OAKLAND;USA;37.783789285101754;-122.23579645156862
Non;Spokeland;813 37th Street;94608;OAKLAND;USA;37.8266999864038;-122.272436066458
Non;Ontario WheelHouse;132 East H Street;91764;ONTARIO;USA;34.0723916371344;-117.650267483422
Non;Caltech Bike Lab;1343 East California Boulevard;91125;PASADENA;USA;34.13617478926757;-118.12682390213013
Non;Sacramento Bicycle Kitchen;1915 I Street;95811;SACRAMENTO;USA;38.57835693715011;-121.47994995117188
Non;The Bike Hut;Pier 40;94017;SAN FRANCISCO;USA;37.78178814232912;-122.38786697387694
Non;Bicycle Learning Center;1 Harpst Street;95521;ARCATA;USA;40.87396645396503;-124.0810811519623
Non;Biketopia;1752 Alcatraz Avenue;94703;BERKELEY;USA;37.8485287647059;-122.272261470588
Non;Street Level Cycles;90 Bolivar Drive;94710;BERKELEY;USA;37.86240144458917;-122.30051279067993
Non;Bakersfield Bike Kitchen;1708 Chester Avenue;93301;BAKERSFIELD;USA;35.3744759591837;-119.018718081633
Non;Arvin Bike Kitchen;1241 Bear Mountain Boulevard;93203;ARVIN;USA;35.2089690904523;-118.838251502513
Non;Channel Islands Bicycle Kitchen;Student Union Building,  54 Los Angeles Avenue;93011;CAMARILLO;USA;34.16137250298825;-119.04409646987915
Non;CSUN Bicycle Collective;18111 Nordhoff Street;91330;NORTHRIDGE;USA;34.23568230425683;-118.52561473846436
Non;The Bicycle Tree;811 North Main Street;92701;SANTA ANA;USA;33.7516455343168;-117.867513170992
Non;BikeBBQ;16 East Redlands Boulevard;92373;REDLANDS;USA;34.05694341023536;-117.18167781829833
Non;BikeBBQ Market Night;5th Street & State Street;92373;REDLANDS;USA;34.056428311938745;-117.1814739704132
Non;Good Karma Bikes;460 Lincoln Avenue;95126;SAN JOSÉ;USA;37.3200187091047;-121.908277447522
Non;The Bike Coop;1156 High Street;95064;SANTA CRUZ;USA;36.977509;-122.055705
Non;Cabrillo Bike Co-op;900 Building, Room 913 C, Soquel Drive;95003;APTOS;USA;36.98887583108834;-121.9240915775299
Non;Community Bikes;4019 Sebastopol Road;95407;SANTA ROSA;USA;38.4249959837051;-122.767166981491
Non;Ventura Bike HUB;1150 North Ventura Avenue;93001;VENTURA;USA;34.29372434656265;-119.2969000339508
Non;Watsonville Bike Shak Cooperative;555 Main Street;95076;WATSONVILLE;USA;36.912686662813556;-121.760036945343
Non;Park Hill Bikes Together;2825 Fairfax Street;80207;DENVER;USA;39.757252741336735;-104.92849946022034
Non;Mariposa Bikes Together ;1060 Osage Street;80204;DENVER;USA;39.7330604070662;-105.005165682635
Non;UMC Bike Station;207 UCB, UMC 355;80302;BOULDER;USA;40.00678922583445;-105.27212262153624
Non;Folsom Bike Station;1111 Engineering Drive;80309;BOULDER;USA;40.00655871197857;-105.26401162147522
Non;Meadows Park Bike Library;1943 South El Paso Avenue;80905;COLORADO SPRINGS;USA;38.8030065;-104.810752462857
Non;Deerfield Community Center Bike Library;4290 Deerfield Hills Road;80916;COLORADO SPRINGS;USA;38.78456445253577;-104.74785804748535
Non;Hillside Bike Library;1035 East Fountain Boulevard;80903;COLORADO SPRINGS;USA;38.82083283343157;-104.8053216934204
Non;Pedal Station;527 South Tejon Street;80903;COLORADO SPRINGS;USA;38.82576675;-104.823738925258
Non;BiCi Co.;97 Park Street;6106;HARTFORD;USA;41.7572508057798;-72.6777911596445
Non;Bradley Street Bicycle Co-op;138 Bradley Street;6511;NEW HAVEN;USA;41.312185469843;-72.9170812201216
Non;Urban Bike Project;1500 North Walnut Street;19801;WILMINGTON;USA;39.748621;-75.542134
Non;Newark Bike Project;136 South Main Street;19717;NEWARK;USA;39.679514030367564;-75.76040983200073
Non;Krank It Up;1002 Stone Valley Way;32304;TALLAHASSEE;USA;30.434225432840062;-84.29479122161864
Non;The Freewheel Project;618 South Main Street, Suite A;32601;GAINESVILLE;USA;29.6462116576609;-82.3250771776954
Non;St. Pete Bike Co-op;559 Mirror Lake Drive North;33701;SAINT PETERSBURG;USA;27.77580615856412;-82.64199256896973
Non;Starter Bikes;CRC parking deck, 750 Ferst Drive North West;30332;ATLANTA;USA;33.77627490229332;-84.40415024757384
Non;Bike Athens;1075 West Broad Street;30606;ATHENS;USA;33.9543585770728;-83.3902145573418
Non;mobile setup Somerville;Cross Street & Pearl Street;2145;SOMERVILLE;USA;42.38573463498984;-71.0877013206482
Non;mobile setup Cambridge;Inman Square;2139;CAMBRIDGE;USA;42.37387083326593;-71.10127866268158
Non;Blackstone Bicycle Works;6100 South Blackstone Avenue;60637;CHICAGO;USA;41.784035;-87.590452
Non;The Recyclery;7628 North Paulina Street;60626;CHICAGO;USA;42.0202972;-87.6733226898283
Non;West Town Bikes;1147 North Campbell Avenue;60622;CHICAGO;USA;41.9026772;-87.6893227
Non;Campus Bicycle Center;608 East Pennsylvania Avenue;61801;CHAMPAIGN;USA;40.10075667800824;-88.22875499725342
Non;Downtown Urbania Bike Shop;202 South Broadway Avenue, Room 24;61801;URBANA;USA;40.11135717021259;-88.20691108703613
Non;Bike Peoria Co-op;612 West Main Street;61606;PEORIA;USA;40.6995741807972;-89.6025975730776
Non;Bloomington Community Bike Project;216 North Madison Street;47404;BLOOMINGTON;USA;39.1681618;-86.5372189
Non;Colombus Bicycle Co-op;1531 13th Street;47201;COLOMBUS;USA;39.2111813669601;-85.90728163719176
Non;Iowa City Bike Library;700 South Dubuque Street;52240;IOWA CITY;USA;41.65155836260528;-91.53580069541931
Non;Des Moines Bicycle Collective;506 East 6th Street, suite 100;50309;DES MOINES;USA;41.591245399275714;-93.61065030097961
Non;NewBo Bike Collective;39 16th Avenue Southwest;52404;CEDAR RAPIDS;USA;41.9650938677465;-91.660673357139
Non;816 Bicycle Collective;518 East 31st Street;64108;KANSAS CITY;USA;39.07088570591808;-94.57789778709413
Non;Topeka Community Cycle Project;423 South Kansas Avenue;66603;TOPEKA;USA;39.0538086;-95.6729060291324
Non;Falls City Community BikeWorks;1217 Logan Street;40204;LOUISVILLE;USA;38.2326945;-85.7396766
Non;R.U.B.A.R.B.;2239 Piety Street;70117;NEW ORLEANS;USA;29.979248095099777;-90.03776550292969
Non;La Kaz à vélo;35 rue Madame Payé;97300;CAYENNE;France;4.941469178458677;-52.329360544736126
Non;Ciclovías Tucumán;El Árbol de Galeano, Virgen de la Merced 435;4000;SAN MIGUEL DE TUCUMÁN;Argentina;-26.8255609;-65.2001757
Non;Taller Popular de Ciclomecánica Suipacha;Suipacha 1781;;CÓRDOBA;Argentina;-31.39909025377653;-64.16599273681642
Non;Santa Fe en Bici;Puente Colgante;S3000;SANTA FE;Argentina;-31.63957249831627;-60.68282246589661
Non;Taller Comunitario de Ciclomecánica;;5500;MENDOZA;Argentina;-32.88982939918908;-68.84496688842775
Non;Expericleta;Iguazú 451;C1437IQJ;BUENOS AIRES;Argentina;-34.64298238979592;-58.40601332857143
Non;La Bicicueva;Biblioteca Popular de Barracas, Aristóbulo del Valle 1851;C1295ADM;BUENOS AIRES;Argentina;-34.63658048956297;-58.37758719921113
Non;Kulturzentrum E-Werk;Fuchsenwiese 1;91054;ERLANGEN;Germany;49.600676899999996;11.001496059822669
Non;Baicarka;Calle de la Farigola 24;8023;BARCELONA;España;41.4122295987555;2.1463465690612797
Non;Barrio La 2;Puente Peron y Quintana;1852;BURZACO;Argentina;-34.8208026;-58.3880982
Non;Taller de Ciclomecanica Popular de La Luna;Pasaje Rafael Escuti 915;X5000JQN;CÓRDOBA;Argentina;-31.42491643690948;-64.19473528862001
Non;Lab'idouillerie de Langevin;2 rue de la Ferme;93200;SAINT-DENIS;France;48.93849686642721;2.3721885707345796
Non;Lab'idouillerie de La Plaine;12 rue de la Procession;93200;SAINT-DENIS;France;48.91285980219255;2.362967133522034
Non;Mount Rainier Bike Coop;3601 Bunker Hill Road;20712;MOUNT RAINIER;USA;38.93878275348118;-76.95830583572389
Non;Velocipede Bike Project;100 West 22nd Street;21218;BALTIMORE;USA;39.31428;-76.6186688024935
Non;Retour Vert le Futur;Centre CAF Tanger, passage Suzanne Masson;75019;PARIS;France;48.888571660017575;2.371169328689575
Non;Retour Vert le Futur;La Bonne Tambouille, place Pierre Mac Orlan;75018;PARIS;France;48.8954916296539;2.362441420555115
Non;Retour Vert le Futur;156 rue d'Aubervilliers;75019;PARIS;France;48.8930651642275;2.3706221580505376
Non;Smith College Bike Kitchen;Talbot House, Prospect Street;1060;NORTHAMPTON;USA;42.32079451938313;-72.63619422912599
Non;"The Community Spoke&nbsp;!";10 Boylston Place;2130;BOSTON;USA;42.31647181023325;-71.10211551189424
Non;Worcester Earn-A-Bike;Stone Soup Community Center, 4 King Street;1610;WORCESTER;USA;42.2556939;-71.81349156173475
Non;Open Shop;North Harvard Street & Western Avenue;2163;BOSTON;USA;42.363402799973755;-71.12926483154298
Non;Open Shop;Oak Square Farmers Market;2458;BOSTON;USA;42.35052819964798;-71.16956233978273
Non;Open Shop;Cambridge Street & Brighton Avenue;02134-1311;BOSTON;USA;42.35373064511855;-71.13656044006349
Non;L’Atelier vélo de l’Île Verte;salle polyvalente des vignes, Square Henry Huchon, 3 bis rue Maréchal Randon;38000;GRENOBLE;France;45.19895;5.739494
Non;Le CycloRecyclé;3 rue Lamartine;94100;SAINT-MAUR-DES-FOSSÉS;France;48.790119660021695;2.4938952485828167
Non;La re-Cycle;22 rue Mérigonde;81100;CASTRES;France;43.6024266028341;2.2534659504890446
Non;La Pédale Palienne;84 rue de Trévise;59000;LILLE;France;50.62162101277036;3.074830770492554
Non;Pignon sur Rue;12 rue des Négociants;74100;AMBILLY;France;46.194057709202184;6.228035688400269
Non;Hangar du Sport;1620 route de Arrauntz;64480;USTARITZ;France;43.41067340566653;-1.493089199066162
Non;Common Cycle;Kerrytown Artisan's Market, 315 Detroit Street;48104;ANN ARBOR;USA;42.2842366;-83.7479244
Non;Common Cycle;Outdoor Adventures, 336 Hill Street;48104;ANN ARBOR;USA;42.271553;-83.7468477
Non;Lansing Bike Co-op;1715 East Kalamazoo Street;48912;LANSING;USA;42.7301711;-84.5275168
Non;L’atelier du troisième plateau;11 Rue Maurice Gignoux;38000;GRENOBLE;France;45.19533357318492;5.722731649875641
Non;Le Grand Atelier;3 sentier des Saules;1205;GENÈVE;Suisse;46.20234767613206;6.1306554079055795
Non;"La Fabrique à vélos&nbsp;!";60-62 rue de l'Observance;83300;DRAGUIGNAN;France;43.539044243506396;6.466948091983796
Non;Vélocité - Maison du Vélo Avranches;Allée Léa Campain;50300;AVRANCHES;France;48.67803231489729;-1.35132372379303
Non;Atelier du Pignon;les Ateliers Magellan, 12 quai de Magellan;44000;NANTES;France;47.2113729367379;-1.5422165393829348
Non;Re-Bicycle Lenawee;313 East Maumee Street;49221;ADRIAN;USA;41.8975937;-84.0345647
Non;The Grease Pit Bike Shop;2750 Bloomington Avenue;55407;MINNEAPOLIS;USA;44.9521439;-93.255228
Non;CCAS Fourmies;place de Verdun;59610;FOURMIES;France;50.018115077345286;4.043873190871637
Non;Etablicyclette;57 rue Pierre Corneille;69006;LYON;France;45.764738796779135;4.843734204769135
Non;Associazione Oltre;Via delle Ruote 16/b;40138;BOLOGNA;Italia;44.49220812231468;11.383909285068514
Non;Vélos Pour Tous;7 rue de la vilaine;35600;SAINT-NICOLAS-DE-REDON;France;47.646344867057664;-2.0843848586082463
Non;The Bikery;845 Hiawatha Place South;98144;SEATTLE;USA;47.59467345558193;-122.30971813201906
Non;Bike Cave Collective;1712 Jefferson Street;55812;DULUTH;USA;46.80259185372816;-92.0747745037079
Non;Open Shop;​1830 Glenwood Avenue;55405;MINNEAPOLIS;USA;44.98114403030603;-93.30559730529787
Non;Queen City Wheel House;3790 West US Highway 12;59601;HELENA;USA;46.601124785666;-112.09565162658693
Non;Community Bike Project Omaha;525 North 33rd Street;68131;OMAHA;USA;41.264449929305165;-95.96126317977907
Non;Lincoln Bike Kitchen;1635 South 1st Street;68502;LINCOLN;USA;40.7970090183682;-96.72097206115724
Non;Reno Bike Project;216 East Grove Street;89502;RENO;USA;39.50069018059069;-119.79586601257326
Non;QC Bike Collective;35 Elm Street;3103;MANCHESTER;USA;42.975027822252294;-71.4628028869629
Non;Bicycle Rit;halle Justin Clanet;9140;SOUEIX-ROGALLE;France;42.8928385;1.2112004
Non;Enchúlame la Bici;Calle Eligio Ancona 79 Sta María la Ribera;6400;CIUDAD DE MÉXICO;México;19.45226800547064;-99.15491580963135
Non;The CYCLAB;11 University Place;8540;PRINCETOWN;USA;40.3484065;-74.6629665
Non;Doubs it yourself;5 rue Marpaud;25300;PONTARLIER;France;46.90105126978156;6.356009244918823
Non;Liaisons Douces en Pays de Dinan;7 rue de Rennes;22100;LANVALLAY;France;48.45573350231084;-2.0280289649963383
Non;Le Joli Mai;39 rue Anselme;93400;SAINT-OUEN;France;48.90947325230021;2.335533499717713
Non;Garavélo;Les Tracols;26190;SAINT-LAURENT-EN-ROYANS;France;45.026832918681606;5.3282430768013
Non;Maison du Vélo et Modes Doux Saint Priest;40 rue Henri Maréchal;69800;SAINT-PRIEST;France;45.693125435352414;4.940370172262193
Non;Le Biclou d'Alino;8c rue de la grange Saint Pierre;71850;CHARNAY-LES-MACON;France;46.31027039650412;4.8147422075271615
Non;Le Biclou d’Alino;ZA de Chassigneux;71520 ;DOMPIERRE-LES-ORMES;France;46.36018275859137;4.468286633491517
Non;La Roue Libre de Thau;6 rue Pierre Semard;34200;SÈTE;France;43.4037067930469;3.699882030487061
Non;Au Comptoir du Chinabulle;Rue d'Inkerman (au fond de l'impasse);81600;GAILLAC;France;43.898956353525634;1.899962424358819
Non;Dos d’Ane;7 Avenue Georges Clémenceau;41100;VENDÔME;France;47.799063316408514;1.0659500956535342
Non;La Boîte à Vélos;Gymnase Gambetta;21300;CHENÔVE;France;47.2970276;5.008362900000066
Non;le Cycl'Atelier;57,59, rue Printania;72200;LA FLÈCHE;France;47.69660633847209;-0.08987277746200563
Non;La p'tite rustine;la Ferme Petit, 96 route de Doullens;80100;ABBEVILLE;France;50.10776759069072;1.8534708023071291
Non;FabLab;1 bis rue de la Vallée;80000;AMIENS;France;49.892028069369;2.3076707124710087
Non;Vincennes à Vélo;;94600;VINCENNES;France;48.8476679;2.4380392
Non;La Renouée;10 rue de la Fontaine;23340;GENTIOUX;France;45.784525;1.9939237
Non;Bicycle Resource Center;1515 5th Street;87505;SANTA FE;USA;35.663963962314874;-105.97119212150575
Non;The Branch;820 North Bullard Street;88061;SILVER CITY;USA;32.774175461616565;-108.27571392059328
Non;The Root;815 East 10th Street;88061;SILVER CITY;USA;32.77496027818965;-108.27034950256348
Non;Open Bike Clinic;5600 Esperanza Drive Northwest;87105;ALBUQUERQUE;USA;35.083162199318586;-106.70014142990114
Non;Electric City Bike Rescue;McGathan Townhouses Community Center at 189 Jerry Street;12304;SCHENECTADY;USA;42.787143789075955;-73.92035007476808
Non;Recycle Ithaca’s Bicycles;530 West Buffalo Street;14850;ITHACA;USA;42.4412142;-76.510432
Non;Troy Bike Rescue;3280 6th Avenue;12180;TROY;USA;42.75135534387923;-73.6805820465088
Non;GObike Buffalo;98 Colvin Avenue;14216;BUFFALO;USA;42.94356931442909;-78.85668754577638
Non;Utica Bike Rescue;714 Washington Street;13502;UTICA;USA;43.10077848239182;-75.2340853214264
Non;Bikeatoga;241 Broadway;12866;SARATOGA SPRINGS;USA;43.07639302500911;-73.7871837615967
Non;NYC Mechanical Gardens Bike Co-op;195 Maujer Street;11206;BROOKLYN;USA;40.71116567954371;-73.94270896911623
Non;Albany Bike Rescue;15 Trinity Place;12202;ALBANY;USA;42.64550389658877;-73.75632762908937
Non;En Selle Deniers;18 rue de l'Abbé Naudin;31200;TOULOUSE;France;43.61338900414027;1.409774422645569
Non;re-cycle;la Cailletière;17550;DOLUS D'OLÉRON;France;45.9153775315038;-1.2526157498359682
Non;Ensavelo;6 quai François Miterrand;44200;NANTES;France;47.20761405161943;-1.5575453639030457
Non;La Troisième Main;15  rue Alsace-Lorraine;44400;REZÉ;France;47.1933921489729;-1.5450435876846316
Non;Le garage à vélos;106 Boulevard de Belfort;59100;ROUBAIX;France;50.69055636561576;3.187687397003174
Non;Maison de Quartier SEVE;9 boulevard Marat;86000;POITIERS;France;46.58663371217591;0.3782853484153748
Non;Dynamo Malakoff;;92240;MALAKOFF;France;48.8170362;2.2767909
Non;La Rayonneuse;Recyclerie Change de Cap, 13 rue des Réservoirs;7200;AUBENAS;France;44.62273777703478;4.382504224777223
Non;Répar'Vélo;7 Impasse Edouard Branly;92220;BAGNEUX;France;48.788311121748386;2.309736013412476
Non;Ça Roule;;37000;TOURS;France;47.3938499;0.6765604
Non;SET - Atelier Vélo;Fort de Sucy;94370;SUCY-EN-BRIE;France;48.7691593;2.530291
Non;Véli-Vélo;;44110 ;CHÂTEAUBRIANT;France;47.72498266384849;-1.37017697095871
Non;Aux Pignons sur Rue;;93130;NOISY-LE-SEC;France;48.8946948;2.4610758
Non;Mâcon Vélo en Ville;67, avenue Edouard Herriot;71000;MÂCON;France;46.2952;4.8211
Non;Cork Community Bikes;Cork Foyer, Assumption Road, Blackpool;T23 FDT4;CORK;Ireland;51.910523;-8.471954
Non;Bike For Good;65 Haugh Road;G3 8TX;GLASGOW;UK;55.86541105368166;-4.290263056755067
Non;Bike For Good;509 Victoria Road;G42 8BH;GLASGOW;UK;55.834400093867536;-4.265299737453462
Non;Pignons Solidaire - Familles actives au centre social;1 boulevard de Groslay;35300;FOUGÈRES;France;48.362964368459025;-1.1848175525665285
Non;atelier Janus du lycée Sembat-Seguin;20 boulevard Marcel Sembat;69200;VÉNISSIEUX;France;45.716360468366766;4.880617260932923
Non;atelier Janus d'Oullins;33 avenue Jean Jaurès;69600;OULLINS;France ;45.71652492657085;4.818980097770692
Non;atelier Janus de Coblod;47 boulevard du Docteur Coblod;69200;VÉNISSIEUX;France;45.700717091747975;4.892579913139344
Non;Asheville ReCyclery;90 Biltmore Avenue;NC 28801;ASHEVILLE;USA;35.59173;-82.55036
Non;Durham Bike Co-op;1612 Acadia Street;NC 27701;DURHAM;USA;36.01526;-78.89371
Non;The ReCYCLEry NC;108 North Graham Street;27516;CHAPEL HILL;USA;35.91068;-79.0643
Non;Recicleta;Metro Rondizzoni ;;SANTIAGO DE CHILE;Chile;-33.4698;-70.6526
Non;Bicicletería Austral;Casa de la Federacion de Estudiantes FEUACh;;VALDIVIA;Chile;-39.80776206670418;-73.24692249298097
Non;Atelier Vélo Participatif de Brunoy;rue Hameau de Lachambaudie;91200;BRUNOY;France;48.696845;2.507087
Non;Les voies d’la fourche;Les Temples;58300;CHAMPVERT;France;46.84413706877846;3.5216116905212407
Non;Pikala Bikes;;40000;MARRAKECH;Maroc;31.633672;-7.992073
Non;The Pedal Factory;311 East Council Street;NC 28144;SALISBURY;USA;35.66615972805881;-80.46650648117067
Non;Petite Reine de l’Est Bisontin;24 rue des Roses;25000;BESANÇON;France;47.2608021367536;6.045665144947635
Non;La Déraillée;;55130;LUMÉVILLE-EN-ORNOIS;France;48.4719690781425;5.416812658222626
Non;Des Chaînes Ton Biclou;;35400;SAINT-MALO;France;48.64718916071875;-2.007200717980595
Non;Oberlin Bike Co-op;154 North Main Street;44074;OBERLIN;USA;41.29588068800532;-82.21797287464143
Non;Mobo Bicycle Coop;1415 Knowlton Street;45223 ;CINCINNATI;USA;39.161183379397606;-84.53462898731232
Non;Third Hand;979 East 5th Avenue;43201;COLUMBUS;USA;39.985948685309324;-82.98083066940309
Non;"Toledo Bikes&nbsp;!";1114 Washington Street;43604;TOLEDO;USA;41.65108471392292;-83.54514598846437
Non;Franklinton Cycle Works;897 West Broad Street;43222;COLUMBUS;USA;39.95912007090542;-83.02457213401796
Non;Maison du Vélo Thury Harcourt Le Hom;22 impasse des lavandières;14220;THURY-HARCOURT;France;48.989175;-0.481999
Non;J’me Recycle;;69720;SAINT-BONNET-DE-MURE;France;45.6933129;5.0297718
Non;L'Idée Halle;rue Eugène Freyssinet;91130;RIS-ORANGIS;France;48.657460497581475;2.4186417460441594
Non;Vélocité Narbonne;9 rue général Mirabel;11100;NARBONNE;France;43.18512600016722;3.0055485991761097
Non;Garage collectif;41 chemin des châtelets;61000;ALENÇON;France;48.43903103425709;0.06413698196411134
Non;La Maison du Vélo;2 rue Danièle-Casanova;28000;CHARTRES;France;48.44623653022734;1.4819580316543581
Non;La Schilyclette;10 rue des Pompiers;67300;SCHILTIGHEIM;France;48.606543;7.750814
Non;Tous à Vélo Cholet Agglo;16, rue Henri de la Rochejaquelein;49300;CHOLET;France;47.05250973985254;-0.8851631730794908
Non;Gare Debout;50 rue du Ban de la Roche;67000;STRASBOURG;France;48.57850913972855;7.728431224822999
Non;Le Grain de Sable;10 rue Jules Béraud;4400;BARCELONNETTE;France;44.3868;6.652
Non;L'Atelier Vélorutionnaire Saint-Michel;8717, 8ème Avenue;H1Z 2X4;MONTRÉAL;Canada;45.56691065588138;-73.62243175506593
Non;Zeronove;via Opificio;95129;CATANIA;Italia;37.505919783644096;15.09257251024792
Non;Palestra Lupo;1 Piazza Pietro Lupo;95129;CATANIA;Italia;37.50447841776042;15.094131231307985
Non;Ex Caserma Occupata;Via Adriana, 6;57100;LIVORNO;Italia;43.55768324272333;10.31523817775451
Non;Place au Vélo Sud Estuaire;20 avenue St Hubert;44250;SAINT-BREVIN-LES-PINS;France;47.28960744184979;-2.0281255245208745
Non;Clicloriparo;Via del Molo 65;16128;GENOVA;Italia;44.406944749164886;8.92666518688202
Non;CicloCasale;319/B Viale della Primavera;;ROMA;Italia;41.87857223716197;12.559202313423159
Non;Ciclofficina InControPedale;Via di Casal Bruciato 11;;ROMA;Italia;41.908292824940524;12.546708583831789
Non;Bicyclêtre;13 avenue de la République;44600;SAINT-NAZAIRE;France;47.2756470829624;-2.213482260704041
Non;Le gang des dérailleurs;26, avenue de la Croix Saint martin;3200;VICHY;France;46.115115119881395;3.436180651187897
Non;Re-Cycle 63;12 rue du Général de Gaulle;63200;RIOM;France;45.8831;3.106109
Non;Répavélo Kercado;3 rue Guillo Dubodan;56000;VANNES;France;47.64715307936973;-2.7767515182495117
Non;Mines de rayons;9 rue de la Mouillelongue;71200;LE CREUSOT;France;46.79117321835989;4.428981596120139
Non;Eugene Bicycle Works;455 West 1st Avenue;3W52;EUGENE;USA;44.058901607655216;-123.09999346733095
Non;Atelier Vélo-Cité;49, rue Saint-Jean-Baptiste Ouest;CFWG+M8;RIMOUSKI;Canada;48.44638598026165;-68.5231125354767
Non;La Déraille;2500 boul. de l’Université, Pavillon de la vie étudiante E1-019-1;J1K 2R1;SHERBROOKE;Canada;45.380321488193715;-71.92855775356294
Non;Coop Bécik;3200 chemin de la Côte-Sainte-Catherine;H3T 1C1;MONTRÉAL;Canada;45.501179;-73.6233574
Non;La Remise;8280 Saint-Laurent, local 411;H2P 2L8;MONTRÉAL;Canada;45.5394002;-73.634291
Non;Le Vélociraptor;Cégep de Victoriaville;G6P 4B3;VICTORIAVILLE;Canada;46.0596359;-71.9436424
Non;Comité Vélo du Cégep de Sainte-Foy;2410 Chemin Sainte-Foy;G1V 1T3;QUÉBEC;Canada;46.7868563;-71.2886658
Non;Cyclolîle;le Pavillon en Chantier, 2 quai de l'Aéroplane;93450;L'ÎLE-SAINT-DENIS;France;48.92055991351139;2.326843142509461
Non;Vélo Solidaire;45 montée Julia Bartet;84100;ORANGE;France;44.13554642133777;4.809721112251283
Non;La Roue Vivegnis;rue Vivegnis;4000;LIÈGE;Belgique;50.65297057627307;5.592204630374909
Non;#Tandem;via Romana 43;7026;OLBIA;Italia;40.92183062588226;9.495953857931456
Non;Vélo à Saint-Go;Maison de l’avenir, Espace Jeunesse MJC, 1 Boulevard Charles De Gaulle ;31800;SAINT-GAUDENS;France;43.1085138;0.7206694
Non;Tandem;6 rue de la Blanchardière;49300;CHOLET;France ;47.069002434047746;-0.8432972431182862
Non;Maison du Vélo;91 Rue du Chauffour;59300;VALENCIENNES;France;50.369626159502346;3.5185486078262334
Non;RosnyCyclettes - ateliers mobiles;;93110;ROSNY-SOUS-BOIS;France;48.87114013841295;2.487019300460816
Non;BricoVélo;4 Rue Beausoleil;44640;LE PELLERIN;France;47.20222023694735;-1.7555031180381777
Non;Chateau’Roule;rue des Belges;36000;CHÂTEAUROUX;France;46.8095211822552;1.6766917705535889
Non;Vélosolidarité;16 rue Papu;35000;RENNES;France;48.11110912968324;-1.6921681165695193
Non;Jeunes dans le cycle; Centre Commercial Scarron, rue des Bénards;92260;FONTENAY-AUX-ROSES;France;48.79195165190707;2.297322750091553
Non;Mille Sourires pour un vélo;48 rue de l'Europe;45200;MONTARGIS;France;47.99319516547075;2.7412819862365727
Non;ECATE;14 rue Marius Vincent;7700;BOURG-SAINT-ANDÉOL;France;44.37837825749815;4.644641876220704
Non;atelier vélo d'Orangis;ancienne ferme du château d’Orangis;91130;RIS-ORANGIS;France;48.6414;2.4015
Non;La Fabrique à Biclou;PAE des Jourdies, 14 rue Vanneau;74800;SAINT-PIERRE-EN-FAUCIGNY;France;46.0735655596442;6.373990774154664
Non;la Maison itinérante du vélo et des mobilités de la rive droite;;33530;BASSENS;France;44.89916681332006;-0.5179882049560548
Non;la Maison itinérante du vélo et des mobilités de la rive droite;;33150;CENON;France;44.854858282222224;-0.5245542526245118
Non;la Maison itinérante du vélo et des mobilités de la rive droite;;33310;LORMONT;France;44.87609257022763;-0.5242538452148439
Non;la Maison itinérante du vélo et des mobilités de la rive droite;;33270;FLOIRAC;France;44.83081948779981;-0.5224943161010743
Non;Becyclable;175 rue Paul Corbin;74190;PASSY;France;45.927956441981735;6.722339987754822
Non;Calade;1 rue Poterie;30250;SOMMIÈRES;France;43.785943015261765;4.087767004966737
Non;Les Cycles-Re;37 chemin Lapujade;31200;TOULOUSE;France;43.61947087764824;1.4524644613265993
Non;Elaboratoire - 48 - Atelier Vélo du 48;48 boulevard Villebois Mareuil;35000;RENNES;France;48.10696910645391;-1.6514468193054201
Non;Bike Kithen Zugló;Bosnyák utca 7/b;H-1145;BUDAPEST;Hungary;47.51694926375319;19.110628724065467
Non;L’Alternateur - Roue Libre;17-19 rue du monastère;63490;SAUXILLANGES;France;45.55111280421283;3.372792005538941
Non;La Boîte à Outils (LBAO);111, rue Bretonnerie;28400;NOGENT-LE-ROTROU;France;48.319612755732145;0.8047190308570862
Non;Espace Mobilité Artois (EMA);645 avenue du Maréchal Juin;62400;BÉTHUNE;France;50.523002;2.638014
Non;Centre d’Animation du Nouveau Monde;Rue du docteur César Samsoen;59190;HAZEBROUCK;France;50.730765602982174;2.5362646579742436
Non;Turun Pyöräpaja;Kalevantie 15;20520;TURKU;Finlande;60.44975789622335;22.30744957923889
Non;Le Ferrailleur;119 boulevard Valbenoîte;42000;SAINT-ÉTIENNE;France;45.42312807034214;4.398034214973451
Non;Bike Farm;1810 NE First Avenue;OR 97212;PORTLAND;USA;45.535993577863124;-122.66448855400087
Non;North Portland Bike Works;3978 North Mississippi Avenue;OR 97217;PORTLAND;USA;45.5519959;-122.6774778
Non;Corvallis Bicycle Collective;707 NW 11th Street;OR 97333;CORVALLIS;USA;44.572384;-123.26623
Non;WashCo Bikes;137 NE 3rd Avenue;OR 97124;HILLSBORO;USA;45.523349763509124;-122.9846477508545
Non;Coalition for Appropriate Transportation;1935 West Broad Street;PA 18018;BETHLEHEM;USA;40.6234725;-75.4149139
Non;Coatesville Community Bike Works;Ash Park;PA 19320;COATESVILLE;USA;39.98113208169728;-75.81905364990236
Non;Free Ride Pittsburg; 214 North Lexington Avenue;PA 15208;PITTSBURG;USA;40.4500929;-79.8984098
Non;Bike Church;3939 Lancaster Avenue;PA 19104;PHILADELPHIA;USA;39.9626254;-75.2032766
Non;An Mheitheal Rothar;Block R, Earls Island, University Road;;GALWAY;Ireland;53.276523178600115;-9.058332901549875
Non;Velos pour Tous (CCAS);33 boulevard Dumesnildot;44560;PAIMBOEUF;France;47.28899883674617;-2.0397591591972746
Non;Bike Salon;1426 W Susquehanna Avenue;PA 19121;PHILADELPHIA;USA;39.986344019612574;-75.15744388103487
Non;Recycle Bicycle Harrisburg;1722 Chestnut Street;PA 17104;HARRISBURG;USA;40.26689834209869;-76.86352729797365
Non;The Common Wheel;701 E. King Street;PA 17602;LANCASTER;USA;40.04101250490614;-76.28839731216432
Non;Simple Cycle;4455 North 6th Street;PA 19140;PHILADELPHIA;USA;40.01948737660606;-75.13646364212038
Non;Recycle-A-Bike;1911 Westminster Street;RI 02909;PROVIDENCE;USA;41.81679466833811;-71.44159734249116
Non;Red Shed Bike Shop;50 Aleppo Street;RI 02909;PROVIDENCE;USA;41.8200131;-71.449248
Non;MakeSPACE Bike Shop;517 West Jackson Boulevard;SD 57783;SPEARFISH;USA;44.48996806552396;-103.86593699455263
Non;Les Ateliers Communs;rue Amiral Muselier;97500;SAINT-PIERRE;France;46.77810560011945;-56.17668986320496
Non;Le PIed à Coulisse;10 chemin du Moulin;27240;LE RONCENAY-AUTHENAY;France;48.847448285647246;1.0418289899826052
Non;Utop Vélo; Square Verdun, Place Kranj;13600;LA CIOTAT;France;43.17741374863528;5.60404658317566
Non;Recyclerie Ribine;Malanty (ancienne forge);29460;IRVILLAC;France;48.3628272;-4.2055797
Non;APROVEL - Repair Café;;13300;SALON-DE-PROVENCE;France;43.6392741935904;5.094501972198487
Non;atelier vélo Frouzins Initiatives Citoyennes;16 quinter Rue Berdeil;31270;FROUZINS;France;43.51520248491661;1.3228413462638855
Non;"MRJC Haute Sâone&nbsp;; Pignon sur Rue";47 Grande Rue;70120;COMBEAUFONTAINE;France;47.7094116;5.8921443
Non;La Fourmilière;la gare;42220;SAINT-SAUVEUR-EN-RUE;France;45.26852902448828;4.503992199897767
Non;Cyclo Recyclo;9 rue George Sand;3400;YZEURE;France;46.55689573806163;3.340533077716828
Non;Bicycle'Up;185 rue Roger Salengro;59110;LA MADELEINE;France;50.65473572750723;3.0573347210884094
Non;La Cyclette;80 chemin des Aramons;83260;LA CRAU;France;43.14687094674961;6.0717540979385385
Non;Plan B;;13000;MARSEILLE;France;43.29582;5.38654
Non;Landy Sauvage;166 rue du Landy;93200;SAINT-DENIS;France;48.91449557279289;2.3468041419982915
